Sample,Top [cm],Bottom [cm],Top Depth [m],Bottom Depth [m],Zone name (short),Zone name,Additional zone name (short),Additional zone name,Preservation,Group abundance,Globorotalia flexuosa _T and B_,Globigerinoides ruber _pink_ _T_,Globigerinella calida _B_,Globorotalia hirsuta _B_,Globorotalia tosaensis _T and B_ _Pt1b_,Globorotalia hessi _B_,Globorotalia excelsa _B_,Globigerinoides obliquus _T_,Globoturborotalita apertura _T and B_,Globigerinoidesella fistulosa _T and B_ _Pt1a_,Globorotalia truncatulinoides _B_,Globigerinoides extremus _T and B_,Pulleniatina finalis _B_,Globoturborotalita woodi _T_,Globorotalia pertenuis _T and B_,Globorotalia pseudomiocenica _T_ _PL6_,Globorotalia limbata _T_,Globoturborotalita decoraperta _T and B_,Globorotalia multicamerata _T_,Dentoglobigerina altispira _T_ _PL5_,Sphaeroidinellopsis seminulina _T_ _PL4_,Pulleniatina primalis  _Tand B_,Globorotalia plesiotumida _T_,Globorotalia margaritae _T and B_ _PL3_,Pulleniatina spectabilis _T_,Globorotalia crassaformis _B_,Globoturborotalita nepenthes _T and B_PL2 and M11,Globorotalia exilis _B_,Sphaeroidinellopsis kochi _T_,Globorotalia cibaoensis _T and B_ _PL1b_,Sphaeroidinella dehiscens sensu lato _B_,Globorotalia tumida _B_ _PL1a_,Turborotalita humilis _B_,Globoquadrina dehiscens _B and T_,Fohsella lenguaensis _T and B_ _M14_,Globigerinoides conglobatus _B_,Neogloboquadrina humerosa _B_,Globorotalia plesiotumida _B_ _M13b_,Globorotalia juanai _B_,Neogloboquadrina acostaensis _B_ _M13a_,Paragloborotalia mayeri _T_ _M12,Globorotalia limbata _B_,Cassigerinella chipolensis _T_,Globigerinoides subquadratus _T_,Fohsella fohsi _T and B_ _M10 and M9a_,Globorotalia praescitula _T and B_,Sphaeroidinella subdehiscens _B_,Fohsella robusta _B_ _M9b_,Fohsella lobata _B_,"Fohsella ""praefohsi"" _B_ _M8_",Fohsella peripheroronda _T_,Clavatorella bermudezi _T and B_,Globorotalia archeomenardii _T and B_,Fohsella peripheroacuta _B_ _M7_,Globorotalia praemenardii _B_,Praeorbulina sicana _T and B_ _M5a_,Fohsella birnageae _B_ _M4b_,Globgerinatella insueta _B and T_,Orbulina suturalis _B_ _M6_,Praeorbulina circularis _B_,Praeorbulina glomerosa _B_ _M5b_,Praeorbulina curva _B_,Globorotalia zealandica _B_,Catapsydrax dissimilis _T_ _M4a_,Dentoglobigerina binaensis _T_,Globigerinatella sp. _B_ M3_,Globigerinoides altiaperturus _B_,Tenuitella munda _T_,"""Globigerina"" angulisuturalis _T_",Paragloborotalia kugleri _T and B_ _M2 and M1a_,Paragloborotalia pseudokugleri _T_,"""Globigerina"" ciperoensis _T_",Trilobatus trilobus _B_,Paragloborotalia pseudokugleri,Paragloborotalia kugleri _T and B_,Fohsella peripheroronda _T,Fohsella peripheroacuta _B_,Fohsella lenguaensis _T and B_ _M14,Fohsella paralenguaensis,"Fohsella ""praefohsi"" _B_ _M8",Fohsella fohsi _T and B_ _M10 and M9a,Fohsella lobata _B,Fohsella robusta _B_ _M9b,Fohsella birnageae _B_ _M4b,Neogloboquadrina continuosa,Neogloboquadrina acostaensis _B_ _M13a,Dextral:Sinistral _N. acostaensis_,Neogloboquadrina humerosa _B,Neogloboquadrina dutertrei,Pulleniatina primalis  _Tand B,Dextral:Sinistral _P. primalis_,Pulleniatina praecursor,Dextral:Sinistral _P. praecursor_,Pulleniatina obliquiloculata,Dextral:Sinistral _P. obliquiloculata_,Pulleniatina finalis _B,Dextral:Sinistral _P. finalis_,Pulleniatina praespectabilis,Dextral:Sinistral _P. praespectabilis_,Pulleniatina spectabilis _T,Dextral:Sinistral _P. spectabilis_,Dentoglobigerina globularis,Dentoglobigerina globosa,Dentoglobigerina altispira _T_ _PL5,Dentoglobigerina binaensis _T,Dentoglobigerina venezuelana,"Dentoglobigerina ""conglomerata""",Dentoglobigerina baroemoenensis,Dentoglobigerina larmeui,Globoquadrina dehiscens _B and T,Globoconella inflata,Globorotalia praescitula _T and B,Globorotalia scitula,Globorotalia juanai _B,Globorotalia archeomenardii _T and B,Globorotalia praemenardii _B,Globorotalia menardii,Globorotalia limbata _B,Globorotalia exilis,Globorotalia pertenuis _T_,Globorotalia multicamerata _T,Globorotalia pseudomiocenica _T_ _PL6,Globorotalia merotumida,Globorotalia plesiotumida _T,Globorotalia tumida,Globorotalia ungulata,Globorotalia margaritae _T and B_ _PL3,Globorotalia theyeri,Globorotalia cibaoensis _T and B_ _PL1b,Globorotalia crassula,Globorotalia crassaformis _B,Globorotalia tosaensis _T and B_ _Pt1b,Globorotalia truncatulinoides _B,Paragloborotalia semivera,Paragloborotalia mayeri,Paragloborotalia siakensis,Catapsydrax unicavus,Catapsydrax dissimilis _T_ _M4a,Globorotaloides eovariabilis,Globorotaloides variabilis,Globorotaloides hexagonus,Clavatorella bermudezi _T and B,Globoturborotalita woodi _T,Globoturborotalita apertura _T and B,Globoturborotalita nepenthes _T and B_ _PL2_,Globoturborotalita bollii,Globoturborotalita kennetti,Globoturborotalita decoraperta _T and B,Globoturborotalita rubescens,Globoturborotalita tenella,Sphaeroidinellopsis disjuncta,Sphaeroidinellopsis seminulina _T_ _PL4,Sphaeroidinellopsis kochi _T,Sphaeroidinellopsis paenedehiscens,Sphaeroidinella dehiscens,Sphaeroidinella excavata,Trilobatus primordius,Trilobatus trilobus _B,Trilobatus immaturus,Trilobatus quadrilobatus,Trilobatus sacculifer,Globigerinoidesella fistulosa _T and B_ _Pt1a,Trilobatus bisphericus,Praeorbulina sicana _T and B_ _M5a,Praeorbulina curva _B,Praeorbulina glomerosa _B_ _M5b,Praeorbulina circularis _B,Orbulina suturalis _B_ _M6,Orbulina universa,Globigerinoides subquadratus _T,Globigerinoides ruber _pink_ T,Globigerinoides sp. cf. ruber _white_,Globigerinoides elongatus ,Globigerinoides extremus _T and B,Globigerinoides obliquus _T,Globigerinoides conglobatus _B,Globigerinoides conglobatus _pink_,Globigerinoides mitra,Globigerinoides altiaperturus _B,Turborotalita quinqueloba,Turborotalita humilis,Turborotalita cristata,Protentella nicobarensis,Protentella prolixa,Globigerinella obesa,Globigerinella praesiphonifera,Globigerinella siphonifera,Globigerinella calida _B,Globigerinella radians,Globigerinella adamsi,Beella praedigitata,Beella digitata,Hastigerina pelagica,Hastigerinella digitata,"""Globigerina"" ciperoensis _T","""Globigerina"" angulisuturalis _T","Globigerina ""praebulloides""",Globigerina bulloides,Globigerina falconensis,Tenuitella munda,Tenuitella clemenciae,Mutabella mirabilis,Globigerinita uvula,Globigerinita glutinata,Globigerinita minuta,Candeina praenitida,Candeina nitida,Cassigerinella chipolensis _T,Cassigerinella martinezpicoi,Catapsydrax dissimilis,Catapsydrax unicavus_,Globigerinatella insueta,Globigerinatella sp. ,Turborotalita clarkei ,Sample comment,Ship File Links,Shore File Links,File Data
363-U1483A-1H-2-W 75/77-FORAM,0,2,2.25,2.27,PT1b [W11],"Globorotalia truncatulinoides Partial-range Zone (Wade et al., 2011)",,,E [P46],D [A88],x [A114],x [A114],F [A114],,x [A114],,,,,,F [A114],,R [A114],,,,,,,,,,,,,,,,,,,,,,,,,,,,,,,,,,,,,,,,,,,,,,,,,,,,,,,,,,,,,,,,,,,,,,,,,,,,,,,,,F [A114],50:0,R [A114],,,,,,,,,,,,,,,,,,,,,,,,,,,,,,,,,,,,x [A114],F [A114],,,,,,,,,,,,,,,,,,,,,,,,,,,,,,,,,,,,,,x [A114],,,,,,,,,,,,,,,,,F [A114],,,,,,,,,,,,,,,,,,,,,,,,,,,,,,
363-U1483A-1H-4-W 75/77-FORAM,0,2,5.25,5.27,PT1b [W11],"Globorotalia truncatulinoides Partial-range Zone (Wade et al., 2011)",,,E [P46],D [A88],x [A114],x [A114],R [A114],,x [A114],,,,,,F [A114],,R [A114],,,,,,,,,,,,,,,,,,,,,,,,,,,,,,,,,,,,,,,,,,,,,,,,,,,,,,,,,,,,,,,,,,,,,,,,,,,,,,,,,C [A114],50:0,R [A114],,,,,,,,,,,,,,,,,,,,,,,,,,,,,,,,,,,,x [A114],F [A114],,,,,,,,,,,,,,,,,,,,,,,,,,,,,,,,,,,,,,x [A114],,,,,,,,,,,,,,,,,R [A114],,,,,,,,,,,,,,,,,,,,,,,,,,,,,,
363-U1483A-1H-6-W 75/77-FORAM,0,2,8.25,8.27,PT1b [W11],"Globorotalia truncatulinoides Partial-range Zone (Wade et al., 2011)",,,E [P46],D [A88],P [A114],x [A114],P [A114],,x [A114],,,,,,R [A114],,R [A114],,,,,,,,,,,,,,,,,,,,,,,,,,,,,,,,,,,,,,,,,,,,,,,,,,,,,,,,,,,,,,,,,,,,,,,,,,,,,,,,,F [A114],50:0,R [A114],,,,,,,,,,,,,,,,,,,,,,,,,,,,,,,,,,,,x [A114],R [A114],,,,,,,,,,,,,,,,,,,,,,,,,,,,,,,,,,,,,,x [A114],,,,,,,,,,,,,,,,,P [A114],,,,,,,,,,,,,,,,,,,,,,,,,,,,,,
363-U1483A-1H-CC-PAL-FORAM,0,5,8.58,8.63,PT1b [W11],"Globorotalia truncatulinoides Partial-range Zone (Wade et al., 2011)",,,E [P46],D [A88],F [A114],x [A114],P [A114],,x [A114],,,,x [A114],,R [A114],,R [A114],,,,,,,,,,,,,,,,,,,,,,,,,,,,,,,,,,,,,,,,,,,,,,,,,,,,,,,,,,,,,,,,,,,,,,,,,,,,,,,,,C [A114],50:0,R [A114],,,,,,,,,,,,,,,,,,,,,,,,,,,,,,,,,,,,x [A114],R [A114],,,,,,,,,,,x [A114],,,,,F [A114],,,,,,,,,,,,,,,,,,,,,,x [A114],,,,,,,,,,,,,,,,,P [A114],,,,,,,,,,,,,,,,,,,,,,,,,,,Contains radiolaria,,,
363-U1483A-2H-2-W 74/76-FORAM,0,2,10.84,10.86,PT1b [W11],"Globorotalia truncatulinoides Partial-range Zone (Wade et al., 2011)",,,E [P46],D [A88],P [A114],P [A114],x [A114],,,,,,,,F [A114],,F [A114],,,,,,,,,,,,,,,,,,,,,,,,,,,,,,,,,,,,,,,,,,,,,,,,,,,,,,,,,,,,,,,,,,,,,,,,,,,,,,,,,F [A114],48:2,F [A114],,,,,,,,,,,,,,,,,,,,,,,,,,,,,,,,,,,,,F [A114],,,,,,,,,,,,,,,,,,,,,,,,,,,,,,,,,,,,,,P [A114],,,,,,,,,,,,,,,,,x [A114],,,,,,,,,,,,,,,,,,,,,,,,,,,,,,
363-U1483A-2H-4-W 74/76-FORAM,0,2,13.84,13.86,PT1b [W11],"Globorotalia truncatulinoides Partial-range Zone (Wade et al., 2011)",,,E [P46],D [A88],x [A114],F [A114],x [A114],,,,,,,,P [A114],,C [A114],,,,,,,,,,,,,,,,,,,,,,,,,,,,,,,,,,,,,,,,,,,,,,,,,,,,,,,,,,,,,,,,,,,,,,,,,,,,,,,,,F [A114],47:3,C [A114],,,,,,,,,,,,,,,,,,,,,,,,,,,,,,,,,,,,,P [A114],,,,,,,,,,,,,,,,,,,,,,,,,,,,,,,,,,,,,,F [A114],,,,,,,,,,,,,,,,,x [A114],,,,,,,,,,,,,,,,,,,,,,,,,,,,,,
363-U1483A-2H-CC-PAL-FORAM,0,5,18.56,18.61,PT1b [W11],"Globorotalia truncatulinoides Partial-range Zone (Wade et al., 2011)",,,E [P46],D [A88],P [A114],F [A114],P [A114],,x [A114],,,,,,P [A114],,F [A114],,,,,,,,,,,,,,,,,,,,,,,,,,,,,,,,,,,,,,,,,,,,,,,,,,,,,,,,,,,,,,,,,,,,,,,,,,,,,,,,,C [A114],50:0,F [A114],,,,,,,,,,,,,,,,,,,,,,,,,,,,,,,,,,,,x [A114],P [A114],,,,,,,,,,,,,,,,,,,,,,,,,,,,,,,,,,,,,,F [A114],,,,,,,,,,,,,,,,,P [A114],,,,,,,,,,,,,,,,,,,,,,,,,,,,,,
363-U1483A-3H-2-W 74/76-FORAM,0,2,20.34,20.36,PT1b [W11],"Globorotalia truncatulinoides Partial-range Zone (Wade et al., 2011)",,,E [P46],D [A88],P [A114],R [A114],P [A114],,,,,,,,R [A114],,F [A114],,,,,,,,,,,,,,,,,,,,,,,,,,,,,,,,,,,,,,,,,,,,,,,,,,,,,,,,,,,,,,,,,,,,,,,,,,,,,,,,,C [A114],50:0,F [A114],,,,,,,,,,,,,,,,,,,,,,,,,,,,,,,,,,,,,R [A114],,,,,,,,,,,,,,,,,,,,,,,,,,,,,,,,,,,,,,R [A114],,,,,,,,,,,,,,,,,P [A114],,,,,,,,,,,,,,,,,,,,,,,,,,,,,,
363-U1483A-3H-4-W 74/76-FORAM,0,2,23.34,23.36,PT1b [W11],"Globorotalia truncatulinoides Partial-range Zone (Wade et al., 2011)",,,E [P46],D [A88],F [A114],F [A114],P [A114],,,,,,,,R [A114],,R [A114],,,,,,,,,,,,,,,,,,,,,,,,,,,,,,,,,,,,,,,,,,,,,,,,,,,,,,,,,,,,,,,,,,,,,,,,,,,,,,,,,C [A114],50:0,R [A114],,,,,,,,,,,,,,,,,,,,,,,,,,,,,,,,,,,,,R [A114],,,,,,,,,,,,,,,,,,,,,,,,,,,,,,,,,,,,,,F [A114],,,,,,,,,,,,,,,,,P [A114],,,,,,,,,,,,,,,,,,,,,,,,,,,,,,
363-U1483A-3H-6-W 74/76-FORAM,0,2,26.34,26.36,PT1b [W11],"Globorotalia truncatulinoides Partial-range Zone (Wade et al., 2011)",,,E [P46],D [A88],R [A114],F [A114],R [A114],,,,,,,,F [A114],,F [A114],,,,,,,,,,,,,,,,,,,,,,,,,,,,,,,,,,,,,,,,,,,,,,,,,,,,,,,,,,,,,,,,,,,,,,,,,,,,,,,,,C [A114],50:0,F [A114],,,,,,,,,,,,,,,,,,,,,,,,,,,,,,,,,,,,,F [A114],,,,,,,,,,,,,,,,,,,,,,,,,,,,,,,,,,,,,,F [A114],,,,,,,,,,,,,,,,,R [A114],,,,,,,,,,,,,,,,,,,,,,,,,,,,,,
363-U1483A-3H-CC-PAL-FORAM,0,5,27.99,28.04,PT1b [W11],"Globorotalia truncatulinoides Partial-range Zone (Wade et al., 2011)",,,E [P46],D [A88],P [A114],F [A114],P [A114],,,,,,,,R [A114],,R [A114],,,,,,,,,,,,,,,,,,,,,,,,,,,,,,,,,,,,,,,,,,,,,,,,,,,,,,,,,,,,,,,,,,,,,,,,,,,,,,,,,F [A114],50:0,R [A114],,,,,,,,,,,,,,,,,,,,,,,,,,,,,,,,,,,,,R [A114],,,,,,,,,,,,,,,,,,,,,,,,,,,,,,,,,,,,,,F [A114],,,,,,,,,,,,,,,,,P [A114],,,,,,,,,,,,,,,,,,,,,,,,,,,,,,
363-U1483A-4H-2-W 50/52-FORAM,0,2,29.52,29.54,PT1b [W11],"Globorotalia truncatulinoides Partial-range Zone (Wade et al., 2011)",,,E [P46],D [A88],P [A114],F [A114],P [A114],,,R [A114],,,,,P [A114],,R [A114],,,,,,,,,,,,,,,,,,,,,,,,,,,,,,,,,,,,,,,,,,,,,,,,,,,,,,,,,,,,,,,,,,,,,,,,,,,,,,,,,F [A114],50:0,R [A114],,,,,,,,,,,,,,,,,,,,,,,,,,,,,,,,,,,,,P [A114],,,,,,,,,,,,,,,,,,,,,,,,,,,,,,,,,,,,,,F [A114],,,,,,,,,,,,,,,,,P [A114],,,,,,,,,,,,,,,,,,,,,,,,,,,,,,
363-U1483A-4H-4-W 50/52-FORAM,0,2,32.36,32.38,PT1b [W11],"Globorotalia truncatulinoides Partial-range Zone (Wade et al., 2011)",,,E [P46],D [A88],P [A114],F [A114],P [A114],,,R [A114],,,,,P [A114],,P [A114],,,,,,,,,,,,,,,,,,,,,,,,,,,,,,,,,,,,,,,,,,,,,,,,,,,,,,,,,,,,,,,,,,,,,,,,,,,,,,,,,C [A114],50:0,P [A114],,,,,,,,,,,,,,,,,,,,,,,,,,,,,,,,,,,,,P [A114],,,,,,,,,,,,,,,,,,,,,,,,,,,,,,,,,,,,,,F [A114],,,,,,,,,,,,,,,,,P [A114],,,,,,,,,,,,,,,,,,,,,,,,,,,,,,
363-U1483A-4H-6-W 50/52-FORAM,0,2,35.2,35.22,PT1b [W11],"Globorotalia truncatulinoides Partial-range Zone (Wade et al., 2011)",,,E [P46],D [A88],x [A114],R [A114],P [A114],,,P [A114],,,,,C [A114],,R [A114],,,,,,,,,,,,,,,,,,,,,,,,,,,,,,,,,,,,,,,,,,,,,,,,,,,,,,,,,,,,,,,,,,,,,,,,,,,,,,,,,F [A114],49:1,R [A114],,,,,,,,,,,,,,,,,,,,,,,,,,,,,,,,,,,,,C [A114],,,,,,,,,,,,,,,,,,,,,,,,,,,,,,,,,,,,,,R [A114],,,,,,,,,,,,,,,,,P [A114],,,,,,,,,,,,,,,,,,,,,,,,,,,,,,
363-U1483A-4H-CC-PAL-FORAM,0,5,37.77,37.82,PT1b [W11],"Globorotalia truncatulinoides Partial-range Zone (Wade et al., 2011)",,,E [P46],D [A88],P [A114],R [A114],P [A114],,,,,,,,,,R [A114],,,,,,,,,,,,,,,,,,,,,,,,,,,,,,,,,,,,,,,,,,,,,,,,,,,,,,,,,,,,,,,,,,,,,,,,,,,,,,,,,F [A114],50:0,R [A114],,,,,,,,,,,,,,,,,,,,,,,,,,,,,,,,,,,,,,,,,,,,,,,,,,,,,,,,,,,,,,,,,,,,,,,,,,,R [A114],,,,,,,,,,,,,,,,,P [A114],,,,,,,,,,,,,,,,,,,,,,,,,,,,,,
363-U1483A-5H-3-W 50/52-FORAM,0,2,39,39.02,PT1b [W11],"Globorotalia truncatulinoides Partial-range Zone (Wade et al., 2011)",,,E [P46],D [A88],P [A114],x [A114],P [A114],,,x [A114],,,,,F [A114],,R [A114],,,,,,,,,,,,,,,,,,,,,,,,,,,,,,,,,,,,,,,,,,,,,,,,,,,,,,,,,,,,,,,,,,,,,,,,,,,,,,,,,F [A114],50:0,R [A114],,,,,,,,,,,,,,,,,,,,,,,,,,,,,,,,,,,,,F [A114],,,,,,,,,,,,,,,,,,,,,,,,,,,,,,,,,,,,,,x [A114],,,,,,,,,,,,,,,,,P [A114],,,,,,,,,,,,,,,,,,,,,,,,,,,,,,
363-U1483A-5H-5-W 50/52-FORAM,0,2,41.83,41.85,PT1b [W11],"Globorotalia truncatulinoides Partial-range Zone (Wade et al., 2011)",,,E [P46],D [A88],P [A114],x [A114],,,,x [A114],,,,,F [A114],,R [A114],,,,,,,,,,,,,,,,,,,,,,,,,,,,,,,,,,,,,,,,,,,,,,,,,,,,,,,,,,,,,,,,,,,,,,,,,,,,,,,,,F [A114],50:0,R [A114],,,,,,,,,,,,,,,,,,,,,,,,,,,,,,,,,,,,,F [A114],,,,,,,,,,,,,,,,,,,,,,,,,,,,,,,,,,,,,,x [A114],,,,,,,,,,,,,,,,,,,,,,,,,,,,,,,,,,,,,,,,,,,,,,,
363-U1483A-5H-7-W 50/52-FORAM,0,2,44.65,44.67,PT1b [W11],"Globorotalia truncatulinoides Partial-range Zone (Wade et al., 2011)",,,E [P46],D [A88],P [A114],x [A114],,,,x [A114],,,,,F [A114],,,,,,,,,,,,,,,,,,,,,,,,,,,,,,,,,,,,,,,,,,,,,,,,,,,,,,,,,,,,,,,,,,,,,,,,,,,,,,,,,,,F [A114],50:0,,,,,,,,,,,,,,,,,,,,,,,,,,,,,,,,,,,,,,F [A114],,,,,,,,,,,,,,,,,,,,,,,,,,,,,,,,,,,,,,x [A114],,,,,,,,,,,,,,,,,,,,,,,,,,,,,,,,,,,,,,,,,,,,,,,
363-U1483A-5H-CC-PAL-FORAM,0,5,47.03,47.08,PT1b [W11],"Globorotalia truncatulinoides Partial-range Zone (Wade et al., 2011)",,,E [P46],D [A88],x [A114],x [A114],x [A114],,,P [A114],,,x [A114],,,,R [A114],,,,,,,,,,,,,,,,,,,,,,,,,,,,,,,,,,,,,,,,,,,,,,,,,,,,,,,,,,,,,,,,,,,,,,,,,,,,,,,,,F [A114],50:0,R [A114],,,,,,,,,,,,,,,,,,,,,,,,,,,,,,,,,,,,,,,,,,,,,,,,x [A114],,,,,,,,,,,,,,,,,,,,,,,,,,,x [A114],,,,,,,,,,,,,,,,,x [A114],,,,,,,,,,,,,,,,,,,,,,,,,,,,,,
363-U1483A-6H-2-W 50/52-FORAM,0,2,48.52,48.54,PT1b [W11],"Globorotalia truncatulinoides Partial-range Zone (Wade et al., 2011)",,,E [P46],D [A88],x [A114],x [A114],P [A114],,,,,,,,P [A114],,P [A114],,,,,,,,,,,,,,,,,,,,,,,,,,,,,,,,,,,,,,,,,,,,,,,,,,,,,,,,,,,,,,,,,,,,,,,,,,,,,,,,,F [A114],49:1,P [A114],,,,,,,,,,,,,,,,,,,,,,,,,,,,,,,,,,,,,P [A114],,,,,,,,,,,,,,,,,,,,,,,,,,,,,,,,,,,,,,x [A114],,,,,,,,,,,,,,,,,P [A114],,,,,,,,,,,,,,,,,,,,,,,,,,,,,,
363-U1483A-6H-4-W 50/52-FORAM,0,2,51.35,51.37,PT1b [W11],"Globorotalia truncatulinoides Partial-range Zone (Wade et al., 2011)",,,E [P46],D [A88],x [A114],x [A114],P [A114],,,,,,,,F [A114],,R [A114],,,,,,,,,,,,,,,,,,,,,,,,,,,,,,,,,,,,,,,,,,,,,,,,,,,,,,,,,,,,,,,,,,,,,,,,,,,,,,,,,F [A114],49:1,R [A114],,,,,,,,,,,,,,,,,,,,,,,,,,,,,,,,,,,,,F [A114],,,,,,,,,,,,,,,,,,,,,,,,,,,,,,,,,,,,,,x [A114],,,,,,,,,,,,,,,,,P [A114],,,,,,,,,,,,,,,,,,,,,,,,,,,,,,
363-U1483A-6H-6-W 50/52-FORAM,0,2,54.2,54.22,PT1b [W11],"Globorotalia truncatulinoides Partial-range Zone (Wade et al., 2011)",,,E [P46],D [A88],x [A114],x [A114],P [A114],,,,,,,,F [A114],,R [A114],,,,,,,,,,,,,,,,,,,,,,,,,,,,,,,,,,,,,,,,,,,,,,,,,,,,,,,,,,,,,,,,,,,,,,,,,,,,,,,,,F [A114],50:0,R [A114],,,,,,,,,,,,,,,,,,,,,,,,,,,,,,,,,,,,,F [A114],,,,,,,,,,,,,,,,,,,,,,,,,,,,,,,,,,,,,,x [A114],,,,,,,,,,,,,,,,,P [A114],,,,,,,,,,,,,,,,,,,,,,,,,,,,,,
363-U1483A-6H-CC-PAL-FORAM,0,5,56.48,56.53,PT1b [W11],"Globorotalia truncatulinoides Partial-range Zone (Wade et al., 2011)",,,E [P46],D [A88],,x [A114],x [A114],,x [A114],x [A114],,,,,F [A114],,R [A114],,,,,,,,,,,,,,,,,,,,,,,,,,,,,,,,,,,,,,,,,,,,,,,,,,,,,,,,,,,,,,,,,,,,,,,,,,,,,,,,,F [A114],49:1,R [A114],,,,,,,,,,,,,,,,,,,,,,,,,,,,,,,,,,,,x [A114],F [A114],,,,,,,,,,,,,,,,,,,,,,,,,,,,,,,,,,,,,,x [A114],,,,,,,,,,,,,,,,,x [A114],,,,,,,,,,,,,,,,,,,,,,,,,,,,,,
363-U1483A-7H-2-W 50/52-FORAM,0,2,58.02,58.04,PT1b [W11],"Globorotalia truncatulinoides Partial-range Zone (Wade et al., 2011)",,,E [P46],D [A88],,,,,x [A114],,,,,,R [A114],,R [A114],,,,,,,,,,,,,,,,,,,,,,,,,,,,,,,,,,,,,,,,,,,,,,,,,,,,,,,,,,,,,,,,,,,,,,,,,,,,,,,,,F [A114],48:2,R [A114],,,,,,,,,,,,,,,,,,,,,,,,,,,,,,,,,,,,x [A114],R [A114],,,,,,,,,,,,,,,,,,,,,,,,,,,,,,,,,,,,,,,,,,,,,,,,,,,,,,,,,,,,,,,,,,,,,,,,,,,,,,,,,,,,,
363-U1483A-7H-4-W 50/52-FORAM,0,2,60.86,60.88,PT1b [W11],"Globorotalia truncatulinoides Partial-range Zone (Wade et al., 2011)",,,E [P46],D [A88],,,,,x [A114],,,,,,R [A114],,F [A114],,,,,,,,,,,,,,,,,,,,,,,,,,,,,,,,,,,,,,,,,,,,,,,,,,,,,,,,,,,,,,,,,,,,,,,,,,,,,,,,,F [A114],48:2,F [A114],,,,,,,,,,,,,,,,,,,,,,,,,,,,,,,,,,,,x [A114],R [A114],,,,,,,,,,,,,,,,,,,,,,,,,,,,,,,,,,,,,,,,,,,,,,,,,,,,,,,,,,,,,,,,,,,,,,,,,,,,,,,,,,,,,
363-U1483A-7H-6-W 51/53-FORAM,0,2,63.7,63.72,PT1b [W11],"Globorotalia truncatulinoides Partial-range Zone (Wade et al., 2011)",,,E [P46],D [A88],,,,,x [A114],,,,,,R [A114],,R [A114],,,,,,,,,,,,,,,,,,,,,,,,,,,,,,,,,,,,,,,,,,,,,,,,,,,,,,,,,,,,,,,,,,,,,,,,,,,,,,,,,F [A114],48:2,R [A114],,,,,,,,,,,,,,,,,,,,,,,,,,,,,,,,,,,,x [A114],R [A114],,,,,,,,,,,,,,,,,,,,,,,,,,,,,,,,,,,,,,,,,,,,,,,,,,,,,,,,,,,,,,,,,,,,,,,,,,,,,,,,,,,,,
363-U1483A-7H-CC-PAL-FORAM,0,5,66.12,66.17,PT1b [W11],"Globorotalia truncatulinoides Partial-range Zone (Wade et al., 2011)",,,E [P46],D [A88],,,x [A114],,x [A114],,,,,,F [A114],,R [A114],,,,,,,,,,,,,,,,,,,,,,,,,,,,,,,,,,,,,,,,,,,,,,,,,,,,,,,,,,,,,,,,,,,,,,,,,,,,,,,,,F [A114],49:1,R [A114],,,,,,,,,,,,,,,,,,,,,,,,,,,,,,,,,,,,x [A114],F [A114],,,,,,,,,,,,,,,,,,,,,,,,,,,,,,,,,,,,,,,,,,,,,,,,,,,,,,,x [A114],,,,,,,,,,,,,,,,,,,,,,,,,,,,,,
363-U1483A-8H-2-W 50/52-FORAM,0,2,67.55,67.57,PT1b [W11],"Globorotalia truncatulinoides Partial-range Zone (Wade et al., 2011)",,,E [P46],D [A88],,,,,x [A114],,,,,,R [A114],,R [A114],,,,,,,,,,,,,,,,,,,,,,,,,,,,,,,,,,,,,,,,,,,,,,,,,,,,,,,,,,,,,,,,,,,,,,,,,,,,,,,,,F [A114],50:0,R [A114],,,,,,,,,,,,,,,,,,,,,,,,,,,,,,,,,,,,x [A114],R [A114],,,,,,,,,,,,,,,,,,,,,,,,,,,,,,,,,,,,,,,,,,,,,,,,,,,,,,,,,,,,,,,,,,,,,,,,,,,,,,,,,,,,,
363-U1483A-8H-4-W 50/52-FORAM,0,2,70.36,70.38,PT1b [W11],"Globorotalia truncatulinoides Partial-range Zone (Wade et al., 2011)",,,E [P46],D [A88],,,,,x [A114],,,,,,R [A114],,R [A114],,,,,,,,,,,,,,,,,,,,,,,,,,,,,,,,,,,,,,,,,,,,,,,,,,,,,,,,,,,,,,,,,,,,,,,,,,,,,,,,,C [A114],49:1,R [A114],,,,,,,,,,,,,,,,,,,,,,,,,,,,,,,,,,,,x [A114],R [A114],,,,,,,,,,,,,,,,,,,,,,,,,,,,,,,,,,,,,,,,,,,,,,,,,,,,,,,,,,,,,,,,,,,,,,,,,,,,,,,,,,,,,
363-U1483A-8H-6-W 50/52-FORAM,0,2,73.16,73.18,PT1a [W11],"Globorotalia tosaensis High-occurrence Zone (Wade et al., 2011)",,,E [P46],D [A88],,,,,R [A114],P [A114],,,,,R [A114],,R [A114],,,,,,,,,,,,,,,,,,,,,,,,,,,,,,,,,,,,,,,,,,,,,,,,,,,,,,,,,,,,,,,,,,,,,,,,,,,,,,,,,C [A114],49:1,R [A114],,,,,,,,,,,,,,,,,,,,,,,,,,,,,,,,,,,,R [A114],R [A114],,,,,,,,,,,,,,,,,,,,,,,,,,,,,,,,,,,,,,,,,,,,,,,,,,,,,,,,,,,,,,,,,,,,,,,,,,,,,,,,,,,,,
363-U1483A-8H-CC-PAL-FORAM,0,5,75.46,75.51,PT1a [W11],"Globorotalia tosaensis High-occurrence Zone (Wade et al., 2011)",,,E [P46],D [A88],,,x [A114],,R [A114],,,,,,F [A114],,R [A114],,,,,,,,,,,,,,,,,,,,,,,,,,,,,,,,,,,,,,,,,,,,,,,,,,,,,,,,,,,,,,,,,,,,,,,,,,,,,,,,,F [A114],49:1,R [A114],,,,,,,,,,,,,,,,,,,,,,,,,,,,,,,,,,,,R [A114],F [A114],,,,,,,,,,,,,,,,,,,,,,,,,,,,,,,,,,,,,,,,,,,,,,,,,,,,,,,x [A114],,,,,,,,,,,,,,,,,,,,,,,,,,,no pin cong,,,
363-U1483A-9H-2-W 50/52-FORAM,0,2,77,77.02,PT1a [W11],"Globorotalia tosaensis High-occurrence Zone (Wade et al., 2011)",,,E [P46],D [A88],,,,,R [A114],,,,,,R [A114],,R [A114],,,,,,,,,,,,,,,,,,,,,,,,,,,,,,,,,,,,,,,,,,,,,,,,,,,,,,,,,,,,,,,,,,,,,,,,,,,,,,,,,C [A114],50:0,R [A114],,,,,,,,,,,,,,,,,,,,,,,,,,,,,,,,,,,,R [A114],R [A114],,,,,,,,,,,,,,,,,,,,,,,,,,,,,,,,,,,,,,,,,,,,,,,,,,,,,,,,,,,,,,,,,,,,,,,,,,,,,,,,,,pink conglobatus!!,,,
363-U1483A-9H-4-W 50/52-FORAM,0,2,79.82,79.84,PT1a [W11],"Globorotalia tosaensis High-occurrence Zone (Wade et al., 2011)",,,E [P46],D [A88],,,,,x [A114],,,,,,R [A114],,R [A114],,,,,,,,,,,,,,,,,,,,,,,,,,,,,,,,,,,,,,,,,,,,,,,,,,,,,,,,,,,,,,,,,,,,,,,,,,,,,,,,,F [A114],14:36,R [A114],,,,,,,,,,,,,,,,,,,,,,,,,,,,,,,,,,,,x [A114],R [A114],,,,,,,,,,,,,,,,,,,,,,,,,,,,,,,,,,,,,,,,,,,,,,,,,,,,,,,,,,,,,,,,,,,,,,,,,,,,,,,,,,no pink cong,,,
363-U1483A-9H-6-W 50/52-FORAM,0,2,82.64,82.66,PT1a [W11],"Globorotalia tosaensis High-occurrence Zone (Wade et al., 2011)",,,E [P46],D [A88],,,,,R [A114],,,,,,R [A114],,R [A114],,,,,,,,,,,,,,,,,,,,,,,,,,,,,,,,,,,,,,,,,,,,,,,,,,,,,,,,,,,,,,,,,,,,,,,,,,,,,,,,,F [A114],47:3,R [A114],,,,,,,,,,,,,,,,,,,,,,,,,,,,,,,,,,,,R [A114],R [A114],,,,,,,,,,,,,,,,,,,,,,,,,,,,,,,,,,,,,,,,,,,,,,,,,,,,,,,,,,,,,,,,,,,,,,,,,,,,,,,,,,,,,
363-U1483A-9H-CC-PAL-FORAM,0,5,85.04,85.09,PT1a [W11],"Globorotalia tosaensis High-occurrence Zone (Wade et al., 2011)",,,E [P46],D [A88],,,,,R [A114],,,,x [A114],,R [A114],,P [A114],,,,,,,,,,,,,,,,,,,,,,,,,,,,,,,,,,,,,,,,,,,,,,,,,,,,,,,,,,,,,,,,,,,,,,,,,,,,,,,,,F [A114],50:0,P [A114],,,,,,,,,,,,,,,,,,,,,,,,,,,,,,,,,,,,R [A114],R [A114],,,,,,,,,,,x [A114],,,,,,,,,,,,,,,,,,,,,,,,,,,,,,,,,,,,,,,,,,,,,,,,,,,,,,,,,,,,,,,,,,,,,,,,,,
363-U1483A-10H-2-W 50/52-FORAM,0,2,86.5,86.52,PT1a [W11],"Globorotalia tosaensis High-occurrence Zone (Wade et al., 2011)",,,E [P46],D [A88],P [A114],,,,P [A114],,,,,,R [A114],,P [A114],,,,,,,,,,,,,,,,,,,,,,,,,,,,,,,,,,,,,,,,,,,,,,,,,,,,,,,,,,,,,,,,,,,,,,,,,,,,,,,,,F [A114],47:3,P [A114],,,,,,,,,,,,,,,,,,,,,,,,,,,,,,,,,,,,P [A114],R [A114],,,,,,,,,,,,,,,,,,,,,,,,,,,,,,,,,,,,,,,,,,,,,,,,,,,,,,,,,,,,,,,,,,,,,,,,,,,,,,,,,,,,,
363-U1483A-10H-4-W 50/52-FORAM,0,2,89.3,89.32,PT1a [W11],"Globorotalia tosaensis High-occurrence Zone (Wade et al., 2011)",,,E [P46],D [A88],,,,,,,,,,,R [A114],,F [A114],,,,,,,,,,,,,,,,,,,,,,,,,,,,,,,,,,,,,,,,,,,,,,,,,,,,,,,,,,,,,,,,,,,,,,,,,,,,,,,,,C [A114],49:1,F [A114],,,,,,,,,,,,,,,,,,,,,,,,,,,,,,,,,,,,,R [A114],,,,,,,,,,,,,,,,,,,,,,,,,,,,,,,,,,,,,,,,,,,,,,,,,,,,,,,,,,,,,,,,,,,,,,,,,,,,,,,,,,,,,
363-U1483A-10H-6-W 50/52-FORAM,0,2,92.1,92.12,PT1a [W11],"Globorotalia tosaensis High-occurrence Zone (Wade et al., 2011)",,,E [P46],D [A88],,,,,R [A114],,,,,,F [A114],,R [A114],,,,,,,,,,,,,,,,,,,,,,,,,,,,,,,,,,,,,,,,,,,,,,,,,,,,,,,,,,,,,,,,,,,,,,,,,,,,,,,,,F [A114],50:0,R [A114],,,,,,,,,,,,,,,,,,,,,,,,,,,,,,,,,,,,R [A114],F [A114],,,,,,,,,,,,,,,,,,,,,,,,,,,,,,,,,,,,,,,,,,,,,,,,,,,,,,,,,,,,,,,,,,,,,,,,,,,,,,,,,,,,,
363-U1483A-10H-CC-PAL-FORAM,0,5,94.6,94.65,PT1a [W11],"Globorotalia tosaensis High-occurrence Zone (Wade et al., 2011)",,,E [P46],D [A88],,,,,P [A114],,,,,,R [A114],,R [A114],,,,,,,,,,,,,,,,,,,,,,,,,,,,,,,,,,,,,,,,,,,,,,,,,,,,,,,,,,,,,,,,,,,,,,,,,,,,,,,,,F [A114],36:14,R [A114],,,,,,,,,,,,,,,,,,,,,,,,,,,,,,,,,,,,P [A114],R [A114],,,,,,,,,,,,,,,,,,,,,,,,,,,,,,,,,,,,,,,,,,,,,,,,,,,,,,,,,,,,,,,,,,,,,,,,,,,,,,,,,,,,,
363-U1483A-11H-2-W 50/52-FORAM,0,2,96.06,96.08,PT1a [W11],"Globorotalia tosaensis High-occurrence Zone (Wade et al., 2011)",,,E [P46],D [A88],,,,,,,,,,,F [A114],,R [A114],,,,,,,,,,,,,,,,,,,,,,,,,,,,,,,,,,,,,,,,,,,,,,,,,,,,,,,,,,,,,,,,,,,,,,,,,,,,,,,,,C [A114],49:1,R [A114],,,,,,,,,,,,,,,,,,,,,,,,,,,,,,,,,,,,,F [A114],,,,,,,,,,,,,,,,,,,,,,,,,,,,,,,,,,,,,,,,,,,,,,,,,,,,,,,,,,,,,,,,,,,,,,,,,,,,,,,,,,,,,
363-U1483A-11H-4-W 50/52-FORAM,0,2,98.99,99.01,PT1a [W11],"Globorotalia tosaensis High-occurrence Zone (Wade et al., 2011)",,,E [P46],D [A88],,,,,P [A114],,,,x [A114],,R [A114],,R [A114],,,,,,,,,,,,,,,,,,,,,,,,,,,,,,,,,,,,,,,,,,,,,,,,,,,,,,,,,,,,,,,,,,,,,,,,,,,,,,,,,A [A114],49:1,R [A114],,,,,,,,,,,,,,,,,,,,,,,,,,,,,,,,,,,,P [A114],R [A114],,,,,,,,,,,x [A114],,,,,,,,,,,,,,,,,,,,,,,,,,,,,,,,,,,,,,,,,,,,,,,,,,,,,,,,,,,,,,,,,,,,,,,,,,
363-U1483A-11H-6-W 50/52-FORAM,0,2,101.9,101.92,PT1a [W11],"Globorotalia tosaensis High-occurrence Zone (Wade et al., 2011)",,,E [P46],D [A88],,,,,P [A114],,,,x [A114],,R [A114],,R [A114],,,,,,,,,,,,,,,,,,,,,,,,,,,,,,,,,,,,,,,,,,,,,,,,,,,,,,,,,,,,,,,,,,,,,,,,,,,,,,,,,C [A114],48:2,R [A114],,,,,,,,,,,,,,,,,,,,,,,,,,,,,,,,,,,,P [A114],R [A114],,,,,,,,,,,x [A114],,,,,,,,,,,,,,,,,,,,,,,,,,,,,,,,,,,,,,,,,,,,,,,,,,,,,,,,,,,,,,,,,,,,,,,,,,
363-U1483A-11H-CC-PAL-FORAM,0,5,104.04,104.09,PT1a [W11],"Globorotalia tosaensis High-occurrence Zone (Wade et al., 2011)",,,E [P46],D [A88],,,,,R [A114],,,,x [A114],,R [A114],,R [A114],,,,,,,,,,,,,,,,,,,,,,,,,,,,,,,,,,,,,,,,,,,,,,,,,,,,,,,,,,,,,,,,,,,,,,,,,,,,,,,,,F [A114],49:1,R [A114],,,,,,,,,,,,,,,,,,,,,,,,,,,,,,,,,,,,R [A114],R [A114],,,,,,,,,,,x [A114],,,,,,,,,,,,,,,,,,,,,,,,,,,,,,,,,,,,,,,,,,,,,,,,,,,,,,,,,,,,,,,,,,,,,,,,,,
363-U1483A-12H-2-W 49/51-FORAM,0,2,105.55,105.57,PT1a [W11],"Globorotalia tosaensis High-occurrence Zone (Wade et al., 2011)",,,E [P46],D [A88],,,,,P [A114],,,,F [A114],,R [A114],,R [A114],,,,,,,,,,,,,,,,,,,,,,,,,,,,,,,,,,,,,,,,,,,,,,,,,,,,,,,,,,,,,,,,,,,,,,,,,,,,,,,,,C [A114],49:1,R [A114],,,,,,,,,,,,,,,,,,,,,,,,,,,,,,,,,,,,P [A114],R [A114],,,,,,,,,,,F [A114],,,,,,,,,,,,,,,,,,,,,,,,,,,,,,,,,,,,,,,,,,,,,,,,,,,,,,,,,,,,,,,,,,,,,,,,,,
363-U1483A-12H-4-W 49/51-FORAM,0,2,108.52,108.54,PT1a [W11],"Globorotalia tosaensis High-occurrence Zone (Wade et al., 2011)",,,E [P46],D [A88],,,,,P [A114],,,,F [A114],,P [A114],,P [A114],,,,,,,,,,,,,,,,,,,,,,,,,,,,,,,,,,,,,,,,,,,,,,,,,,,,,,,,,,,,,,,,,,,,,,,,,,,,,,,,,F [A114],47:3,P [A114],,,,,,,,,,,,,,,,,,,,,,,,,,,,,,,,,,,,P [A114],P [A114],,,,,,,,,,,F [A114],,,,,,,,,,,,,,,,,,,,,,,,,,,,,,,,,,,,,,,,,,,,,,,,,,,,,,,,,,,,,,,,,,,,,,,,,,
363-U1483A-12H-6-W 49/51-FORAM,0,2,111.49,111.51,PT1a [W11],"Globorotalia tosaensis High-occurrence Zone (Wade et al., 2011)",,,E [P46],D [A88],,,,,P [A114],,,,C [A114],,R [A114],,R [A114],,,,,,,,,,,,,,,,,,,,,,,,,,,,,,,,,,,,,,,,,,,,,,,,,,,,,,,,,,,,,,,,,,,,,,,,,,,,,,,,,F [A114],48:2,R [A114],,,,,,,,,,,,,,,,,,,,,,,,,,,,,,,,,,,,P [A114],R [A114],,,,,,,,,,,C [A114],,,,,,,,,,,,,,,,,,,,,,,,,,,,,,,,,,,,,,,,,,,,,,,,,,,,,,,,,,,,,,,,,,,,,,,,,,
363-U1483A-12H-CC-PAL-FORAM,0,5,113.76,113.81,PT1a [W11],"Globorotalia tosaensis High-occurrence Zone (Wade et al., 2011)",,,E [P46],D [A88],,,,,P [A114],,,,P [A114],,R [A114],,R [A114],,,,,,,,,,,,,,,,,,,,,,,,,,,,,,,,,,,,,,,,,,,,,,,,,,,,,,,,,,,,,,,,,,,,,,,,,,,,,,,,,F [A114],46:4,R [A114],,,,,,,,,,,,,,,,,,,,,,,,,,,,,,,,,,,,P [A114],R [A114],,,,,,,,,,,P [A114],,,,,,,,,,,,,,,,,,,,,,,,,,,,,,,,,,,,,,,,,,,,,,,,,,,,,,,,,,,,,,,,,,,,,,,,,,
363-U1483A-13H-2-W 49/51-FORAM,0,2,115.02,115.04,PT1a [W11],"Globorotalia tosaensis High-occurrence Zone (Wade et al., 2011)",,,E [P46],D [A88],,,,,,,,,,,R [A114],,R [A114],,,,,,,,,,,,,,,,,,,,,,,,,,,,,,,,,,,,,,,,,,,,,,,,,,,,,,,,,,,,,,,,,,,,,,,,,,,,,,,,,F [A114],40:10,R [A114],,,,,,,,,,,,,,,,,,,,,,,,,,,,,,,,,,,,,R [A114],,,,,,,,,,,,,,,,,,,,,,,,,,,,,,,,,,,,,,,,,,,,,,,,,,,,,,,,,,,,,,,,,,,,,,,,,,,,,,,,,,,,,
363-U1483A-13H-4-W 49/51-FORAM,0,2,117.92,117.94,PT1a [W11],"Globorotalia tosaensis High-occurrence Zone (Wade et al., 2011)",,,E [P46],D [A88],,,,,P [A114],,,,,,F [A114],,R [A114],,,,,,,,,,,,,,,,,,,,,,,,,,,,,,,,,,,,,,,,,,,,,,,,,,,,,,,,,,,,,,,,,,,,,,,,,,,,,,,,,F [A114],49:1,R [A114],,,,,,,,,,,,,,,,,,,,,,,,,,,,,,,,,,,,P [A114],F [A114],,,,,,,,,,,,,,,,,,,,,,,,,,,,,,,,,,,,,,,,,,,,,,,,,,,,,,,,,,,,,,,,,,,,,,,,,,,,,,,,,,,,,
363-U1483A-13H-6-W 49/51-FORAM,0,2,120.8,120.82,PT1a [W11],"Globorotalia tosaensis High-occurrence Zone (Wade et al., 2011)",,,E [P46],D [A88],,,,,,,,,,,R [A114],,P [A114],,,,,,,,,,,,,,,,,,,,,,,,,,,,,,,,,,,,,,,,,,,,,,,,,,,,,,,,,,,,,,,,,,,,,,,,,,,,,,,,,F [A114],49:1,P [A114],,,,,,,,,,,,,,,,,,,,,,,,,,,,,,,,,,,,,R [A114],,,,,,,,,,,,,,,,,,,,,,,,,,,,,,,,,,,,,,,,,,,,,,,,,,,,,,,,,,,,,,,,,,,,,,,,,,,,,,,,,,,,,
363-U1483A-13H-CC-PAL-FORAM,0,5,123.39,123.44,PT1a [W11],"Globorotalia tosaensis High-occurrence Zone (Wade et al., 2011)",,,E [P46],D [A88],,,,,P [A114],,,x [A114],P [A114],x [A114],P [A114],x [A114],P [A114],,,,,,,,,,,,,,,,,,,,,,,,,,,,,,,,,,,,,,,,,,,,,,,,,,,,,,,,,,,,,,,,,,,,,,,,,,,,,,,,,F [A114],49:1,P [A114],,,,,,,,,,,,,,,,,,,,,,,,,,,,,,,,,,,,P [A114],P [A114],,,,,,,,,,,P [A114],,,,,,,,,,,,,,,,,,x [A114],,,,,,,,,,,,x [A114],x [A114],,,,,,,,,,,,,,,,,,,,,,,,,,,,,,,,,,,,,,,,,,,
363-U1483A-14H-2-W 49/51-FORAM,0,2,124.55,124.57,PT1a [W11],"Globorotalia tosaensis High-occurrence Zone (Wade et al., 2011)",,,E [P46],D [A88],R [A114],,,,,,,,,x [A114],R [A114],,P [A114],,,,,,,,,,,,,,,,,,,,,,,,,,,,,,,,,,,,,,,,,,,,,,,,,,,,,,,,,,,,,,,,,,,,,,,,,,,,,,,,,F [A114],50:0,P [A114],,,,,,,,,,,,,,,,,,,,,,,,,,,,,,,,,,,,,R [A114],,,,,,,,,,,,,,,,,,,,,,,,,,,,,x [A114],,,,,,,,,,,,,,,,,,,,,,,,,,,,,,,,,,,,,,,,,,,,,,,,,,,,,,,,
363-U1483A-14H-4-W 49/51-FORAM,0,2,127.42,127.44,PT1a [W11],"Globorotalia tosaensis High-occurrence Zone (Wade et al., 2011)",,,E [P46],D [A88],,,,,,,,,,x [A114],P [A114],,R [A114],,,,,,,,,,,,,,,,,,,,,,,,,,,,,,,,,,,,,,,,,,,,,,,,,,,,,,,,,,,,,,,,,,,,,,,,,,,,,,,,,A [A114],50:0,R [A114],,,,,,,,,,,,,,,,,,,,,,,,,,,,,,,,,,,,,P [A114],,,,,,,,,,,,,,,,,,,,,,,,,,,,,x [A114],,,,,,,,,,,,,,,,,,,,,,,,,,,,,,,,,,,,,,,,,,,,,,,,,,,,,,,,
363-U1483A-14H-6-W 49/51-FORAM,0,2,130.3,130.32,PT1a [W11],"Globorotalia tosaensis High-occurrence Zone (Wade et al., 2011)",,,E [P46],D [A88],P [A114],,,,,,,,,,P [A114],,,,,,,,,,,,,,,,,,,,,,,,,,,,,,,,,,,,,,,,,,,,,,,,,,,,,,,,,,,,,,,,,,,,,,,,,,,,,,,,,,,C [A114],44:6,,,,,,,,,,,,,,,,,,,,,,,,,,,,,,,,,,,,,,P [A114],,,,,,,,,,,,,,,,,,,,,,,,,,,,,,,,,,,,,,,,,,,,,,,,,,,,,,,,,,,,,,,,,,,,,,,,,,,,,,,,,,,,,
363-U1483A-14H-CC-PAL-FORAM,0,5,132.26,132.31,PT1a [W11],"Globorotalia tosaensis High-occurrence Zone (Wade et al., 2011)",,,E [P46],D [A88],P [A114],,,,,,,x [A114],R [A114],x [A114],P [A114],x [A114],P [A114],,,,,,,,,,,,,,,,,,,,,,,,,,,,,,,,,,,,,,,,,,,,,,,,,,,,,,,,,,,,,,,,,,,,,,,,,,,,,,,,,F [A114],45:5,P [A114],,,,,,,,,,,,,,,,,,,,,,,,,,,,,,,,,,,,,P [A114],,,,,,,,,,,R [A114],,,,,,,,,,,,,,,,,,x [A114],,,,,,,,,,,,x [A114],x [A114],,,,,,,,,,,,,,,,,,,,,,,,,,,,,,,,,,,,,,,,,,,
363-U1483A-15H-2-W 49/51-FORAM,0,2,134,134.02,PT1a [W11],"Globorotalia tosaensis High-occurrence Zone (Wade et al., 2011)",,,E [P46],D [A88],F [A114],,,,x [A114],,,,,,x [A114],,R [A114],,,,,,,,,,,,,,,,,,,,,,,,,,,,,,,,,,,,,,,,,,,,,,,,,,,,,,,,,,,,,,,,,,,,,,,,,,,,,,,,,F [A114],46:4,R [A114],,,,,,,,,,,,,,,,,,,,,,,,,,,,,,,,,,,,x [A114],x [A114],,,,,,,,,,,,,,,,,,,,,,,,,,,,,,,,,,,,,,,,,,,,,,,,,,,,,,,,,,,,,,,,,,,,,,,,,,,,,,,,,,,,,
363-U1483A-15H-4-W 49/51-FORAM,0,2,136.92,136.94,PT1a [W11],"Globorotalia tosaensis High-occurrence Zone (Wade et al., 2011)",,,E [P46],D [A88],F [A114],,,,x [A114],,,,,,x [A114],,R [A114],,,,,,,,,,,,,,,,,,,,,,,,,,,,,,,,,,,,,,,,,,,,,,,,,,,,,,,,,,,,,,,,,,,,,,,,,,,,,,,,,C [A114],41:9,R [A114],,,,,,,,,,,,,,,,,,,,,,,,,,,,,,,,,,,,x [A114],x [A114],,,,,,,,,,,,,,,,,,,,,,,,,,,,,,,,,,,,,,,,,,,,,,,,,,,,,,,,,,,,,,,,,,,,,,,,,,,,,,,,,,,,,
363-U1483A-15H-6-W 49/51-FORAM,0,2,139.86,139.88,PT1a [W11],"Globorotalia tosaensis High-occurrence Zone (Wade et al., 2011)",,,E [P46],D [A88],F [A114],,,,P [A114],,,,,,,,,,,,,,,,,,,,,,,,,,,,,,,,,,,,,,,,,,,,,,,,,,,,,,,,,,,,,,,,,,,,,,,,,,,,,,,,,,,,,,,,,R [A114],20:0,,,,,,,,,,,,,,,,,,,,,,,,,,,,,,,,,,,,,P [A114],,,,,,,,,,,,,,,,,,,,,,,,,,,,,,,,,,,,,,,,,,,,,,,,,,,,,,,,,,,,,,,,,,,,,,,,,,,,,,,,,,,,,,
363-U1483A-15H-CC-PAL-FORAM,0,5,142.27,142.32,PT1a [W11],"Globorotalia tosaensis High-occurrence Zone (Wade et al., 2011)",,,E [P46],D [A88],,,,,P [A114],,,x [A114],F [A114],x [A114],P [A114],,R [A114],,,,,,,,,,,,,,,,,,,,,,,,,,,,,,,,,,,,,,,,,,,,,,,,,,,,,,,,,,,,,,,,,,,,,,,,,,,,,,,,,F [A114],50:0,R [A114],,,,,,,,,,,,,,,,,,,,,,,,,,,,,,,,,,,,P [A114],P [A114],,,,,,,,,,,F [A114],,,,,,,,,,,,,,,,,,x [A114],,,,,,,,,,,,,x [A114],,,,,,,,,,,,,,,,,,,,,,,,,,,,,,,,,,,,,,,,,,,
363-U1483A-16H-2-W 49/51-FORAM,0,2,143.51,143.53,PT1a [W11],"Globorotalia tosaensis High-occurrence Zone (Wade et al., 2011)",,,E [P46],D [A88],,,,,,,,,,,,,,,,,,,,,,,,,,,,,,,,,,,,,,,,,,,,,,,,,,,,,,,,,,,,,,,,,,,,,,,,,,,,,,,,,,,,,,,,,,,,,,F [A114],49:1,,,,,,,,,,,,,,,,,,,,,,,,,,,,,,,,,,,,,,,,,,,,,,,,,,,,,,,,,,,,,,,,,,,,,,,,,,,,,,,,,,,,,,,,,,,,,,,,,,,,,,,,,,,,,,,,,,,,,,,,,,,
363-U1483A-16H-4-W 49/51-FORAM,0,2,146.41,146.43,PT1a [W11],"Globorotalia tosaensis High-occurrence Zone (Wade et al., 2011)",,,E [P46],D [A88],,,,,,,,,,,,,,,,,,,,,,,,,,,,,,,,,,,,,,,,,,,,,,,,,,,,,,,,,,,,,,,,,,,,,,,,,,,,,,,,,,,,,,,,,,,,,,A [A114],49:1,,,,,,,,,,,,,,,,,,,,,,,,,,,,,,,,,,,,,,,,,,,,,,,,,,,,,,,,,,,,,,,,,,,,,,,,,,,,,,,,,,,,,,,,,,,,,,,,,,,,,,,,,,,,,,,,,,,,,,,,,,,
363-U1483A-16H-6-W 49/51-FORAM,0,2,149.23,149.25,PT1a [W11],"Globorotalia tosaensis High-occurrence Zone (Wade et al., 2011)",,,E [P46],D [A88],,,,,,,,,,,,,,,,,,,,,,,,,,,,,,,,,,,,,,,,,,,,,,,,,,,,,,,,,,,,,,,,,,,,,,,,,,,,,,,,,,,,,,,,,,,,,,C [A114],49:1,,,,,,,,,,,,,,,,,,,,,,,,,,,,,,,,,,,,,,,,,,,,,,,,,,,,,,,,,,,,,,,,,,,,,,,,,,,,,,,,,,,,,,,,,,,,,,,,,,,,,,,,,,,,,,,,,,,,,,,,,,,
363-U1483A-16H-CC-PAL-FORAM,0,5,151.28,151.33,PT1a [W11],"Globorotalia tosaensis High-occurrence Zone (Wade et al., 2011)",,,E [P46],D [A88],,,,,P [A114],,,x [A114],R [A114],x [A114],P [A114],,R [A114],,,,,,,,,,,,,,,,,,,,,,,,,,,,,,,,,,,,,,,,,,,,,,,,,,,,,,,,,,,,,,,,,,,,,,,,,,,,,,,,,C [A114],50:0,R [A114],,,,,,,,,,,,,,,,,,,,,,,,,,,,,,,,,,,,P [A114],P [A114],,,,,,,,,,,R [A114],,,,,,,,,,,,,,,,,,x [A114],,,,,,,,,,,,,x [A114],,,,,,,,,,,,,,,,,,,,,,,,,,,,,,,,,,,,,,,,,,,
363-U1483A-17H-2-W 49/51-FORAM,0,2,153.06,153.08,PT1a [W11],"Globorotalia tosaensis High-occurrence Zone (Wade et al., 2011)",,,E [P46],D [A88],,,,,,,,,,x [A114],,,,,,,,,,,,,,,,,,,,,,,,,,,,,,,,,,,,,,,,,,,,,,,,,,,,,,,,,,,,,,,,,,,,,,,,,,,,,,,,,,,,F [A114],49:1,,,,,,,,,,,,,,,,,,,,,,,,,,,,,,,,,,,,,,,,,,,,,,,,,,,,,,,,,,,,,,,,,,,x [A114],,,,,,,,,,,,,,,,,,,,,,,,,,,,,,,,,,,,,,,,,,,,,,,,,,,,,,,,
363-U1483A-17H-4-W 49/51-FORAM,0,2,156.1,156.12,PT1a [W11],"Globorotalia tosaensis High-occurrence Zone (Wade et al., 2011)",,,E [P46],D [A88],,,,,,,,,,x [A114],,,,,,,,,,,,,,,,,,,,,,,,,,,,,,,,,,,,,,,,,,,,,,,,,,,,,,,,,,,,,,,,,,,,,,,,,,,,,,,,,,,,F [A114],38:12,,,,,,,,,,,,,,,,,,,,,,,,,,,,,,,,,,,,,,,,,,,,,,,,,,,,,,,,,,,,,,,,,,,x [A114],,,,,,,,,,,,,,,,,,,,,,,,,,,,,,,,,,,,,,,,,,,,,,,,,,,,,,,,
363-U1483A-17H-6-W 49/51-FORAM,0,2,159.07,159.09,PT1a [W11],"Globorotalia tosaensis High-occurrence Zone (Wade et al., 2011)",,,,D [A88],,,,,,,,,,x [A114],,,,,,,,,,,,,,,,,,,,,,,,,,,,,,,,,,,,,,,,,,,,,,,,,,,,,,,,,,,,,,,,,,,,,,,,,,,,,,,,,,,,C [A114],50:0,,,,,,,,,,,,,,,,,,,,,,,,,,,,,,,,,,,,,,,,,,,,,,,,,,,,,,,,,,,,,,,,,,,x [A114],,,,,,,,,,,,,,,,,,,,,,,,,,,,,,,,,,,,,,,,,,,,,,,,,,,,,,,,
363-U1483A-17H-CC-PAL-FORAM,0,5,161.45,161.5,PL6 (Indo-Pacific) [W11],"Globigerinoides fistulosus Highest-occurrence Zone (Indo-Pacific) (Wade et al., 2011)",,,E [P46],D [A88],,,,,R [A114],,,x [A114],R [A114],P [A114],R [A114],x [A114],P [A114],,,,,,,,,,,,,,,,,,,,,,,,,,,,,,,,,,,,,,,,,,,,,,,,,,,,,,,,,,,,,,,,,,,,,,,,,,,,,,,,,C [A114],41:9,P [A114],,,,,,,,,,,,,,,,,,,,,,,,,,,,,,,,,,,,R [A114],R [A114],,,,,,,,,,,R [A114],,,,,,,,,,,,,,,,,,P [A114],,,,,,,,,,,,x [A114],x [A114],,,,,,,,,,,,,,,,,,,,,,,,,,,,,,,,,,,,,,,,,,,
363-U1483A-18H-2-W 50/52-FORAM,0,2,162.52,162.54,PL6 (Indo-Pacific) [W11],"Globigerinoides fistulosus Highest-occurrence Zone (Indo-Pacific) (Wade et al., 2011)",,,,D [A88],,,,,,,,,,R [A114],,,,,,,,,,,,,,,,,,,,,,,,,,,,,,,,,,,,,,,,,,,,,,,,,,,,,,,,,,,,,,,,,,,,,,,,,,,,,,,,,,,,F [A114],26:24,,,,,,,,,,,,,,,,,,,,,,,,,,,,,,,,,,,,,,,,,,,,,,,,,,,,,,,,,,,,,,,,,,,R [A114],,,,,,,,,,,,,,,,,,,,,,,,,,,,,,,,,,,,,,,,,,,,,,,,,,,,,,,,
363-U1483A-18H-4-W 50/52-FORAM,0,2,165.48,165.5,PL6 (Indo-Pacific) [W11],"Globigerinoides fistulosus Highest-occurrence Zone (Indo-Pacific) (Wade et al., 2011)",,,,D [A88],,,,,,,,,,,,,,,,,,,,,,,,,,,,,,,,,,,,,,,,,,,,,,,,,,,,,,,,,,,,,,,,,,,,,,,,,,,,,,,,,,,,,,,,,,,,,,C [A114],44:6,,,,,,,,,,,,,,,,,,,,,,,,,,,,,,,,,,,,,,,,,,,,,,,,,,,,,,,,,,,,,,,,,,,,,,,,,,,,,,,,,,,,,,,,,,,,,,,,,,,,,,,,,,,,,,,,,,,,,,,,,,,
363-U1483A-18H-6-W 50/52-FORAM,0,2,168.34,168.36,PL6 (Indo-Pacific) [W11],"Globigerinoides fistulosus Highest-occurrence Zone (Indo-Pacific) (Wade et al., 2011)",,,,D [A88],,,,,,,,,,,,,,,,,,,,,,,,,,,,,,,,,,,,,,,,,,,,,,,,,,,,,,,,,,,,,,,,,,,,,,,,,,,,,,,,,,,,,,,,,,,,,,F [A114],1:49,,,,,,,,,,,,,,,,,,,,,,,,,,,,,,,,,,,,,,,,,,,,,,,,,,,,,,,,,,,,,,,,,,,,,,,,,,,,,,,,,,,,,,,,,,,,,,,,,,,,,,,,,,,,,,,,,,,,,,,,,,,
363-U1483A-18H-CC-PAL-FORAM,0,5,170.2,170.25,PL6 (Indo-Pacific) [W11],"Globigerinoides fistulosus Highest-occurrence Zone (Indo-Pacific) (Wade et al., 2011)",,,E [P46],D [A88],,,,,R [A114],,,x [A114],P [A114],R [A114],R [A114],x [A114],P [A114],,,,,,,,,,,,,,,,,,,,,,,,,,,,,,,,,,,,,,,,,,,,,,,,,,,,,,,,,,,,,,,,,,,,,,,,,,,,,,,,,C [A114],33:17,P [A114],,,,,,,,,,,,,,,,,,,,,,,,,,,,,,,,,,,,R [A114],R [A114],,,,,,,,,,,P [A114],,,,,,,,,,,,,,,,,,R [A114],,,,,,,,,,,,x [A114],x [A114],,,,,,,,,,,,,,,,,,,,,,,,,,,,,,,,,,,,,,,,,,,
363-U1483A-19H-2-W 50/52-FORAM,0,2,172.02,172.04,PL6 (Indo-Pacific) [W11],"Globigerinoides fistulosus Highest-occurrence Zone (Indo-Pacific) (Wade et al., 2011)",,,E [P46],D [A88],,,,,P [A114],,,,,x [A114],R [A114],,,,,,,,,,,,,,,,,,,,,,,,,,,,,,,,,,,,,,,,,,,,,,,,,,,,,,,,,,,,,,,,,,,,,,,,,,,,,,,,,,,C [A114],11:39,,,,,,,,,,,,,,,,,,,,,,,,,,,,,,,,,,,,,P [A114],R [A114],,,,,,,,,,,,,,,,,,,,,,,,,,,,,x [A114],,,,,,,,,,,,,,,,,,,,,,,,,,,,,,,,,,,,,,,,,,,,,,,,,,,,,,,,
363-U1483A-19H-4-W 50/52-FORAM,0,2,174.93,174.95,PL6 (Indo-Pacific) [W11],"Globigerinoides fistulosus Highest-occurrence Zone (Indo-Pacific) (Wade et al., 2011)",,,E [P46],D [A88],,,,,R [A114],,,,,P [A114],R [A114],,,,,,,,,,,,,,,,,,,,,,,,,,,,,,,,,,,,,,,,,,,,,,,,,,,,,,,,,,,,,,,,,,,,,,,,,,,,,,,,,,,C [A114],36:14,,,,,,,,,,,,,,,,,,,,,,,,,,,,,,,,,,,,,R [A114],R [A114],,,,,,,,,,,,,,,,,,,,,,,,,,,,,P [A114],,,,,,,,,,,,,,,,,,,,,,,,,,,,,,,,,,,,,,,,,,,,,,,,,,,,,,,,
363-U1483A-19H-6-W 50/52-FORAM,0,2,177.82,177.84,PL6 (Indo-Pacific) [W11],"Globigerinoides fistulosus Highest-occurrence Zone (Indo-Pacific) (Wade et al., 2011)",,,,,,,,,R [A114],,,,,P [A114],R [A114],,,,,,,,,,,,,,,,,,,,,,,,,,,,,,,,,,,,,,,,,,,,,,,,,,,,,,,,,,,,,,,,,,,,,,,,,,,,,,,,,,,C [A114],2:48,,,,,,,,,,,,,,,,,,,,,,,,,,,,,,,,,,,,,R [A114],R [A114],,,,,,,,,,,,,,,,,,,,,,,,,,,,,P [A114],,,,,,,,,,,,,,,,,,,,,,,,,,,,,,,,,,,,,,,,,,,,,,,,,,,,,,,,
363-U1483A-19H-CC-PAL-FORAM,0,5,180.06,180.11,PL6 (Indo-Pacific) [W11],"Globigerinoides fistulosus Highest-occurrence Zone (Indo-Pacific) (Wade et al., 2011)",,,E [P46],D [A88],,,,,R [A114],,,x [A114],R [A114],P [A114],R [A114],x [A114],P [A114],,,,,,,,,,,,,,,,,,,,,,,,,,,,,,,,,,,,,,,,,,,,,,,,,,,,,,,,,,,,,,,,,,,,,,,,,,,,,,,,,C [A114],6:44,P [A114],,,,,,,,,,,,,,,,,,,,,,,,,,,,,,,,,,,,R [A114],R [A114],,,,,,,,,,,R [A114],,,,,,,,,,,,,,,,,,P [A114],,,,,,,,,,,,x [A114],x [A114],,,,,,,,,,,,,,,,,,,,,,,,,,,,,,,,,,,,,,,,,,,
363-U1483A-20H-2-W 50/52-FORAM,0,2,181.51,181.53,PL6 (Indo-Pacific) [W11],"Globigerinoides fistulosus Highest-occurrence Zone (Indo-Pacific) (Wade et al., 2011)",,,E [P46],D [A88],,,,,R [A114],,,,,R [A114],R [A114],,,,,,,,,,,,,,,,,,,,,,,,,,,,,,,,,,,,,,,,,,,,,,,,,,,,,,,,,,,,,,,,,,,,,,,,,,,,,,,,,,,F [A114],1:49,,,,,,,,,,,,,,,,,,,,,,,,,,,,,,,,,,,,,R [A114],R [A114],,,,,,,,,,,,,,,,,,,,,,,,,,,,,R [A114],,,,,,,,,,,,,,,,,,,,,,,,,,,,,,,,,,,,,,,,,,,,,,,,,,,,,,,,
363-U1483A-20H-4-W 50/52-FORAM,0,2,184.08,184.1,PL6 (Indo-Pacific) [W11],"Globigerinoides fistulosus Highest-occurrence Zone (Indo-Pacific) (Wade et al., 2011)",,,E [P46],D [A88],,,,,P [A114],,,,,R [A114],R [A114],,,,,,,,,,,,,,,,,,,,,,,,,,,,,,,,,,,,,,,,,,,,,,,,,,,,,,,,,,,,,,,,,,,,,,,,,,,,,,,,,,,R [A114],0:30,,,,,,,,,,,,,,,,,,,,,,,,,,,,,,,,,,,,,P [A114],R [A114],,,,,,,,,,,,,,,,,,,,,,,,,,,,,R [A114],,,,,,,,,,,,,,,,,,,,,,,,,,,,,,,,,,,,,,,,,,,,,,,,,,,,,,,,
363-U1483A-20H-6-W 50/52-FORAM,0,2,187,187.02,PL6 (Indo-Pacific) [W11],"Globigerinoides fistulosus Highest-occurrence Zone (Indo-Pacific) (Wade et al., 2011)",,,E [P46],D [A88],,,,,R [A114],,,,,R [A114],P [A114],,,,,,,,,,,,,,,,,,,,,,,,,,,,,,,,,,,,,,,,,,,,,,,,,,,,,,,,,,,,,,,,,,,,,,,,,,,,,,,,,,,F [A114],4:46,,,,,,,,,,,,,,,,,,,,,,,,,,,,,,,,,,,,,R [A114],P [A114],,,,,,,,,,,,,,,,,,,,,,,,,,,,,R [A114],,,,,,,,,,,,,,,,,,,,,,,,,,,,,,,,,,,,,,,,,,,,,,,,,,,,,,,,
363-U1483A-20H-CC-PAL-FORAM,0,5,189.57,189.62,PL6 (Indo-Pacific) [W11],"Globigerinoides fistulosus Highest-occurrence Zone (Indo-Pacific) (Wade et al., 2011)",,,VG [P46],D [A88],,,,,,,,x [A114],R [A114],P [A114],P [A114],x [A114],P [A114],,,x [A114],x [A114],x [A114],,,,,,,,,,,,,,,,,,,,,,,,x [A114],,,,,,,,,,,,,,,,,,,,,,,,,,,,,,,,,,,,,,,,,,,,,,,,,,,,F [A114],3:47,P [A114],,,,,,,,,,,,,,,,,,,,,,x [A114],,,,x [A114],,,,,,,,,,,P [A114],,,,,,,,,,,R [A114],,,,x [A114],,,,,,,,,,,,,,P [A114],,,,,,,,,,,,x [A114],x [A114],,,,,,,,,,,,,,,,,,,,,,,,,,,,,,,,,,,,,,,,,,,
363-U1483A-21H-2-W 50/52-FORAM,0,2,191.01,191.03,PL6 (Indo-Pacific) [W11],"Globigerinoides fistulosus Highest-occurrence Zone (Indo-Pacific) (Wade et al., 2011)",,,E [P46],D [A88],,,,,R [A114],,,,,P [A114],x [A114],x [A114],R [A114],,,x [A114],P [A114],x [A114],,,,,,,,,,,,,,,,,,,,,,,,P [A114],,,,,,,,,,,,,,,,,,,,,,,,,,,,,,,,,,,,,,,,,,,,,,,,,,,,F [A114],5:45,R [A114],,,,,,,,,,,,,,,,,,,,,,P [A114],,,,x [A114],,,,,,,,,,R [A114],x [A114],,,,,,,,,,,,,,,x [A114],,,,,,,,,,,,,,P [A114],,,,,,,,,,,,x [A114],,,,,,,,,,,,,,,,,,,,,,,,,,,,,,,,,,,,,,,,,single limbata rwk?,,,
363-U1483A-21H-4-W 16/18-FORAM,0,2,193.5,193.52,PL6 (Indo-Pacific) [W11],"Globigerinoides fistulosus Highest-occurrence Zone (Indo-Pacific) (Wade et al., 2011)",,,VG [P46],D [A88],,,,,R [A114],,,,,P [A114],x [A114],x [A114],P [A114],,,x [A114],x [A114],x [A114],,,,,,,,,,,,,,,,,,,,,,,,x [A114],,,,,,,,,,,,,,,,,,,,,,,,,,,,,,,,,,,,,,,,,,,,,,,,,,,,F [A114],3:47,P [A114],,,,,,,,,,,,,,,,,,,,,,x [A114],,,,x [A114],,,,,,,,,,R [A114],x [A114],,,,,,,,,,,,,,,x [A114],,,,,,,,,,,,,,P [A114],,,,,,,,,,,,x [A114],,,,,,,,,,,,,,,,,,,,,,,,,,,,,,,,,,,,,,,,,,,,
363-U1483A-21H-6-W 50/52-FORAM,0,2,196.72,196.74,PL6 (Indo-Pacific) [W11],"Globigerinoides fistulosus Highest-occurrence Zone (Indo-Pacific) (Wade et al., 2011)",PL5 (Indo-Pacific) [W11],"Globorotalia pseudomiocenica Highest Occurrence Zone (Indo-Pacific) (Wade et al., 2011)",VG [P46],D [A88],,,,,R [A114],,,,,x [A114],P [A114],P [A114],P [A114],,,P [A114],F [A114],R [A114],,,,,,,,,,,,,,,,,,,,,,,,F [A114],,,,,,,,,,,,,,,,,,,,,,,,,,,,,,,,,,,,,,,,,,,,,,,,,,,,R [A114],28:22,P [A114],,,,,,,,,,,,,,,,,,,,,,F [A114],,,,P [A114],,,,,,,,,,R [A114],P [A114],,,,,,,,,,,,,,,R [A114],,,,,,,,,,,,,,x [A114],,,,,,,,,,,,P [A114],,,,,,,,,,,,,,,,,,,,,,,,,,,,,,,,,,,,,,,,,,,,
363-U1483A-21H-CC-PAL-FORAM,0,5,198.79,198.84,PL6 (Indo-Pacific) [W11],"Globigerinoides fistulosus Highest-occurrence Zone (Indo-Pacific) (Wade et al., 2011)",PL5 (Indo-Pacific) [W11],"Globorotalia pseudomiocenica Highest Occurrence Zone (Indo-Pacific) (Wade et al., 2011)",VG [P46],D [A88],,,,,P [A114],,,R [A114],R [A114],x [A114],R [A114],R [A114],P [A114],,,R [A114],F [A114],R [A114],,,,,,,,,,,,,,,,,,,,,,,,F [A114],,,,,,,,,,,,,,,,,,,,,,,,,,,,,,,,,,,,,,,,,,,,,,,,,,,,C [A114],29:21,P [A114],,,,,,,,,,,,,,,,,,,,,,F [A114],,,,R [A114],,,,,,,,,,P [A114],R [A114],,,,,,,,,,,R [A114],,,,R [A114],,,,,,,,,,,,,,x [A114],,,,,,,,,,,,R [A114],R [A114],,,,,,,,,,,,,,,,,,,,,,,,,,,,,,,,,,,,,,,,,,,
363-U1483A-22H-2-W 130/132-FORAM,0,2,201.32,201.34,PL5 (Indo-Pacific) [W11],"Globorotalia pseudomiocenica Highest Occurrence Zone (Indo-Pacific) (Wade et al., 2011)",,,VG [P46],D [A88],,,,,R [A114],,,R [A114],R [A114],P [A114],P [A114],R [A114],x [A114],,,R [A114],F [A114],R [A114],,,,,,,,,,,,,,,,,,,,,,,,F [A114],,,,,,,,,,,,,,,,,,,,,,,,,,,,,,,,,,,,,,,,,,,,,,,,,,,,F [A114],46:4,x [A114],,,,,,,,,,,,,,,,,,,,,,F [A114],,,,R [A114],,,,,,,,,,R [A114],P [A114],,,,,,,,,,,R [A114],,,,R [A114],,,,,,,,,,,,,,P [A114],,,,,,,,,,,,R [A114],R [A114],,,,,,,,,,,,,,,,,,,,,,,,,,,,,,,,,,,,,,,,,,,
363-U1483A-22H-4-W 50/52-FORAM,0,2,203.32,203.34,PL5 (Indo-Pacific) [W11],"Globorotalia pseudomiocenica Highest Occurrence Zone (Indo-Pacific) (Wade et al., 2011)",,,VG [P46],D [A88],,,,,R [A114],,,R [A114],R [A114],x [A114],P [A114],P [A114],x [A114],,,R [A114],F [A114],P [A114],,,,,,,,,,,,,,,,,,,,,,,,F [A114],,,,,,,,,,,,,,,,,,,,,,,,,,,,,,,,,,,,,,,,,,,,,,,,,,,,F [A114],13:37,x [A114],,,,,,,,,,,,,,,,,,,,,,F [A114],,,,R [A114],,,,,,,,,,R [A114],P [A114],,,,,,,,,,,R [A114],,,,P [A114],,,,,,,,,,,,,,x [A114],,,,,,,,,,,,P [A114],R [A114],,,,,,,,,,,,,,,,,,,,,,,,,,,,,,,,,,,,,,,,,,,
363-U1483A-22H-6-W 50/52-FORAM,0,2,206.18,206.2,PL5 (Indo-Pacific) [W11],"Globorotalia pseudomiocenica Highest Occurrence Zone (Indo-Pacific) (Wade et al., 2011)",,,VG [P46],D [A88],,,,,R [A114],,,,,P [A114],P [A114],P [A114],x [A114],,,,F [A114],,,,,,,,,,,,,,,,,,,,,,,,,F [A114],,,,,,,,,,,,,,,,,,,,,,,,,,,,,,,,,,,,,,,,,,,,,,,,,,,,F [A114],40:10,x [A114],,,,,,,,,,,,,,,,,,,,,,F [A114],,,,,,,,,,,,,,R [A114],P [A114],,,,,,,,,,,,,,,,,,,,,,,,,,,,,P [A114],,,,,,,,,,,,P [A114],,,,,,,,,,,,,,,,,,,,,,,,,,,,,,,,,,,,,,,,,,,,
363-U1483A-22H-CC-PAL-FORAM,0,5,208.47,208.52,PL5 (Indo-Pacific) [W11],"Globorotalia pseudomiocenica Highest Occurrence Zone (Indo-Pacific) (Wade et al., 2011)",,,VG [P46],D [A88],,,,,R [A114],,,P [A114],R [A114],P [A114],R [A114],R [A114],x [A114],,,R [A114],R [A114],R [A114],,,,,,,,,,,,,,,,,,,,,,,,R [A114],,,,,,,,,,,,,,,,,,,,,,,,,,,,,,,,,,,,,,,,,,,,,,,,,,,,F [A114],46:4,x [A114],,,,,,,,,,,,,,,,,,,,,,R [A114],,,,R [A114],,,,,,,,,,R [A114],R [A114],,,,,,,,,,,R [A114],,,,R [A114],,,,,,,,,,,,,,P [A114],,,,,,,,,,,,R [A114],P [A114],,,,,,,,,,,,,,,,,,,,,,,,,,,,,,,,,,,,,,,,,,,
363-U1483A-23H-2-W 50/52-FORAM,0,2,210.02,210.04,PL5 (Indo-Pacific) [W11],"Globorotalia pseudomiocenica Highest Occurrence Zone (Indo-Pacific) (Wade et al., 2011)",,,VG [P46],D [A88],,,,,R [A114],,,P [A114],R [A114],x [A114],P [A114],P [A114],x [A114],,,R [A114],F [A114],,,,,,,,,,,,,,,,,,,,,,,,,F [A114],,,,,,,,,,,,,,,,,,,,,,,,,,,,,,,,,,,,,,,,,,,,,,,,,,,,F [A114],27:23,x [A114],,,,,,,,,,,,,,,,,,,,,,F [A114],,,,R [A114],,,,,,,,,,R [A114],P [A114],,,,,,,,,,,R [A114],,,,,,,,,,,,,,,,,,x [A114],,,,,,,,,,,,P [A114],P [A114],,,,,,,,,,,,,,,,,,,,,,,,,,,,,,,,,,,,,,,,,,,
363-U1483A-23H-4-W 50/52-FORAM,0,2,212.86,212.88,PL5 (Indo-Pacific) [W11],"Globorotalia pseudomiocenica Highest Occurrence Zone (Indo-Pacific) (Wade et al., 2011)",,,VG [P46],D [A88],,,,,R [A114],,,P [A114],,x [A114],P [A114],P [A114],x [A114],,,R [A114],R [A114],,,,,,,,,,,,,,,,,,,,,,,,,R [A114],,,,,,,,,,,,,,,,,,,,,,,,,,,,,,,,,,,,,,,,,,,,,,,,,,,,F [A114],17:37,x [A114],,,,,,,,,,,,,,,,,,,,,,R [A114],,,,R [A114],,,,,,,,,,R [A114],P [A114],,,,,,,,,,,,,,,,,,,,,,,,,,,,,x [A114],,,,,,,,,,,,P [A114],P [A114],,,,,,,,,,,,,,,,,,,,,,,,,,,,,,,,,,,,,,,,,,,
363-U1483A-23H-6-W 50/52-FORAM,0,2,215.77,215.79,PL5 (Indo-Pacific) [W11],"Globorotalia pseudomiocenica Highest Occurrence Zone (Indo-Pacific) (Wade et al., 2011)",,,VG [P46],D [A88],,,,,R [A114],,,P [A114],,P [A114],P [A114],P [A114],x [A114],,,,,,,,,,,,,,,,,,,,,,,,,,,,,,,,,,,,,,,,,,,,,,,,,,,,,,,,,,,,,,,,,,,,,,,,,,,,,,,,,R [A114],41:9,x [A114],,,,,,,,,,,,,,,,,,,,,,,,,,,,,,,,,,,,R [A114],P [A114],,,,,,,,,,,,,,,,,,,,,,,,,,,,,P [A114],,,,,,,,,,,,P [A114],P [A114],,,,,,,,,,,,,,,,,,,,,,,,,,,,,,,,,,,,,,,,,,,
363-U1483A-23H-CC-PAL-FORAM,0,5,217.97,218.02,PL5 (Indo-Pacific) [W11],"Globorotalia pseudomiocenica Highest Occurrence Zone (Indo-Pacific) (Wade et al., 2011)",,,VG [P46],D [A88],,,,,R [A114],,,P [A114],F [A114],x [A114],x [A114],R [A114],x [A114],,,P [A114],R [A114],R [A114],,,,,,,,,,,,,,,,,,,,,,,,R [A114],,,,,,,,,,,,,,,,,,,,,,,,,,,,,,,,,,,,,,,,,,,,,,,,,,,,F [A114],45:5,x [A114],,,,,,,,,,,,,,,,,,,,,,R [A114],,,,P [A114],,,,,,,,,,R [A114],x [A114],,,,,,,,,,,F [A114],,,,R [A114],,,,,,,,,,,,,,x [A114],,,,,,,,,,,,R [A114],P [A114],,,,,,,,,,,,,,,,,,,,,,,,,,,,,,,,,,,,,,,,,,,
363-U1483A-24H-2-W 50/52-FORAM,0,2,219.44,219.46,PL5 (Indo-Pacific) [W11],"Globorotalia pseudomiocenica Highest Occurrence Zone (Indo-Pacific) (Wade et al., 2011)",,,VG [P46],D [A88],,,,,R [A114],,,,,x [A114],x [A114],,,,,,,,,,,,,,,,,,,,,,,,,,,,,,,,,,,,,,,,,,,,,,,,,,,,,,,,,,,,,,,,,,,,,,,,,,,,,,,,,,,R [A114],48:2,,,,,,,,,,,,,,,,,,,,,,,,,,,,,,,,,,,,,R [A114],x [A114],,,,,,,,,,,,,,,,,,,,,,,,,,,,,x [A114],,,,,,,,,,,,,,,,,,,,,,,,,,,,,,,,,,,,,,,,,,,,,,,,,,,,,,,,
363-U1483A-24H-4-W 50/52-FORAM,0,2,222.39,222.41,PL5 (Indo-Pacific) [W11],"Globorotalia pseudomiocenica Highest Occurrence Zone (Indo-Pacific) (Wade et al., 2011)",,,VG [P46],D [A88],,,,,R [A114],,,,,x [A114],x [A114],,,,,,,,,,,,,,,,,,,,,,,,,,,,,,,,,,,,,,,,,,,,,,,,,,,,,,,,,,,,,,,,,,,,,,,,,,,,,,,,,,,R [A114],49:1,,,,,,,,,,,,,,,,,,,,,,,,,,,,,,,,,,,,,R [A114],x [A114],,,,,,,,,,,,,,,,,,,,,,,,,,,,,x [A114],,,,,,,,,,,,,,,,,,,,,,,,,,,,,,,,,,,,,,,,,,,,,,,,,,,,,,,,
363-U1483A-24H-6-W 50/52-FORAM,0,2,225.3,225.32,PL5 (Indo-Pacific) [W11],"Globorotalia pseudomiocenica Highest Occurrence Zone (Indo-Pacific) (Wade et al., 2011)",,,VG [P46],D [A88],,,,,P [A114],,,,,P [A114],x [A114],,,,,,,,,,,,,,,,,,,,,,,,,,,,,,,,,,,,,,,,,,,,,,,,,,,,,,,,,,,,,,,,,,,,,,,,,,,,,,,,,,,R [A114],49:1,,,,,,,,,,,,,,,,,,,,,,,,,,,,,,,,,,,,,P [A114],x [A114],,,,,,,,,,,,,,,,,,,,,,,,,,,,,P [A114],,,,,,,,,,,,,,,,,,,,,,,,,,,,,,,,,,,,,,,,,,,,,,,,,,,,,,,,
363-U1483A-24H-CC-PAL-FORAM,0,5,227.88,227.93,PL5 (Indo-Pacific) [W11],"Globorotalia pseudomiocenica Highest Occurrence Zone (Indo-Pacific) (Wade et al., 2011)",,,VG [P46],D [A88],,,,,P [A114],,,P [A114],R [A114],R [A114],x [A114],R [A114],x [A114],,,P [A114],R [A114],R [A114],,,,,,,,,,,,,,,,,,,,,,,,R [A114],,,,,,,,,,,,,,,,,,,,,,,,,,,,,,,,,,,,,,,,,,,,,,,,,,,,F [A114],46:4,x [A114],,,,,,,,,,,,,,,,,,,,,,R [A114],,,,P [A114],,,,,,,,,,P [A114],x [A114],,,,,,,,,,,R [A114],,,,R [A114],,,,,,,,,,,,,,R [A114],,,,,,,,,,,,R [A114],P [A114],,,,,,,,,,,,,,,,,,,,,,,,,,,,,,,,,,,,,,,,,,,
363-U1483A-25H-2-W 50/52-FORAM,0,2,229,229.02,PL5 (Indo-Pacific) [W11],"Globorotalia pseudomiocenica Highest Occurrence Zone (Indo-Pacific) (Wade et al., 2011)",,,VG [P46],D [A88],,,,,P [A114],,,,,x [A114],x [A114],,,,,,,,,,,,,,,,,,,,,,,,,,,,,,,,,,,,,,,,,,,,,,,,,,,,,,,,,,,,,,,,,,,,,,,,,,,,,,,,,,,R [A114],48:2,,,,,,,,,,,,,,,,,,,,,,,,,,,,,,,,,,,,,P [A114],x [A114],,,,,,,,,,,,,,,,,,,,,,,,,,,,,x [A114],,,,,,,,,,,,,,,,,,,,,,,,,,,,,,,,,,,,,,,,,,,,,,,,,,,,,,,,
363-U1483A-25H-4-W 50/52-FORAM,0,2,231.93,231.95,PL5 (Indo-Pacific) [W11],"Globorotalia pseudomiocenica Highest Occurrence Zone (Indo-Pacific) (Wade et al., 2011)",,,VG [P46],D [A88],,,,,P [A114],,,,,P [A114],x [A114],R [A114],,,,,,,,,,,,,,,,,,,,,,,,,,,,,,,,,,,,,,,,,,,,,,,,,,,,,,,,,,,,,,,,,,,,,,,,,,,,,,,,,,R [A114],50:0,,,,,,,,,,,,,,,,,,,,,,,,,,,,,,,,,,,,,P [A114],x [A114],,,,,,,,,,,,,,,,,,,,,,,,,,,,,P [A114],,,,,,,,,,,,R [A114],,,,,,,,,,,,,,,,,,,,,,,,,,,,,,,,,,,,,,,,,,,,
363-U1483A-25H-6-W 50/52-FORAM,0,2,234.79,234.81,PL5 (Indo-Pacific) [W11],"Globorotalia pseudomiocenica Highest Occurrence Zone (Indo-Pacific) (Wade et al., 2011)",,,VG [P46],D [A88],,,,,P [A114],,,,,R [A114],x [A114],R [A114],,,,,,,,,,,,,,,,,,,,,,,,,,,,,,,,,,,,,,,,,,,,,,,,,,,,,,,,,,,,,,,,,,,,,,,,,,,,,,,,,,F [A114],18:32,,,,,,,,,,,,,,,,,,,,,,,,,,,,,,,,,,,,,P [A114],x [A114],,,,,,,,,,,,,,,,,,,,,,,,,,,,,R [A114],,,,,,,,,,,,R [A114],,,,,,,,,,,,,,,,,,,,,,,,,,,,,,,,,,,,,,,,,,,,
363-U1483A-25H-CC-PAL-FORAM,0,5,237.17,237.22,PL5 (Indo-Pacific) [W11],"Globorotalia pseudomiocenica Highest Occurrence Zone (Indo-Pacific) (Wade et al., 2011)",,,VG [P46],D [A88],,,,,R [A114],,,P [A114],F [A114],R [A114],x [A114],R [A114],x [A114],,,P [A114],R [A114],R [A114],,,,,,,,,,,,,,,,,,,,,,,,R [A114],,,,,,,,,,,,,,,,,,,,,,,,,,,,,,,,,,,,,,,,,,,,,,,,,,,,F [A114],22:28,x [A114],,,,,,,,,,,,,,,,,,,,,,R [A114],,,,P [A114],,,,,,,,,,R [A114],x [A114],,,,,,,,,,,F [A114],,,,R [A114],,,,,,,,,,,,,,R [A114],,,,,,,,,,,,R [A114],P [A114],,,,,,,,,,,,,,,,,,,,,,,,,,,,,,,,,,,,,,,,,,,
363-U1483A-26H-2-W 50/52-FORAM,0,2,238.35,238.37,PL5 (Indo-Pacific) [W11],"Globorotalia pseudomiocenica Highest Occurrence Zone (Indo-Pacific) (Wade et al., 2011)",,,VG [P46],D [A88],,,,,P [A114],,,,,R [A114],x [A114],,,,,,R [A114],,,x [A114],,,,,,,,,,,,,,,,,,,,,,R [A114],,,,,,,,,,,,,,,,,,,,,,,,,,,,,,,,,,,,,,,,,,,,,,,,,,,,F [A114],49:1,,,,,,,,,x [A114],,,,,,,,,,,,,,R [A114],,,,,,,,,,,,,,P [A114],x [A114],,,,,,,,,,,,,,,,,,,,,,,,,,,,,R [A114],,,,,,,,,,,,,,,,,,,,,,,,,,,,,,,,,,,,,,,,,,,,,,,,,,,,,,,,
363-U1483A-26H-4-W 50/52-FORAM,0,2,241.14,241.16,PL5 (Indo-Pacific) [W11],"Globorotalia pseudomiocenica Highest Occurrence Zone (Indo-Pacific) (Wade et al., 2011)",,,VG [P46],D [A88],,,,,P [A114],,,,,P [A114],x [A114],,,,,,R [A114],R [A114],,x [A114],,,,,,,,,,,,,,,,,,,,,,R [A114],,,,,,,,,,,,,,,,,,,,,,,,,,,,,,,,,,,,,,,,,,,,,,,,,,,,F [A114],50:0,,,,,,,,,x [A114],,,,,,,,,,,,,,R [A114],,,,,,,,,,,,,,P [A114],x [A114],,,,,,,,,,,,,,,R [A114],,,,,,,,,,,,,,P [A114],,,,,,,,,,,,,,,,,,,,,,,,,,,,,,,,,,,,,,,,,,,,,,,,,,,,,,,,
363-U1483A-26H-6-W 50/52-FORAM,0,2,243.99,244.01,PL5 (Indo-Pacific) [W11],"Globorotalia pseudomiocenica Highest Occurrence Zone (Indo-Pacific) (Wade et al., 2011)",PL4 (Indo-Pacific) [W11],"Dentoglobigerina altispira Highest Occurrence Zone (Indo-Pacific) (Wade et al., 2011)",VG [P46],D [A88],,,,,x [A114],,,,,R [A114],x [A114],,,,,,F [A114],,,F [A114],,,,,,,,,,,,,,,,,,,,,,F [A114],,,,,,,,,,,,,,,,,,,,,,,,,,,,,,,,,,,,,,,,,,,,,,,,,,,,F [A114],45:5,,,,,,,,,F [A114],,,,,,,,,,,,,,F [A114],,,,,,,,,,,,,,x [A114],x [A114],,,,,,,,,,,,,,,,,,,,,,,,,,,,,R [A114],,,,,,,,,,,,,,,,,,,,,,,,,,,,,,,,,,,,,,,,,,,,,,,,,,,,,,,,
363-U1483A-26H-CC-PAL-FORAM,0,5,246.66,246.71,PL5 (Indo-Pacific) [W11],"Globorotalia pseudomiocenica Highest Occurrence Zone (Indo-Pacific) (Wade et al., 2011)",,,VG [P46],D [A88],R [A114],,,,P [A114],,,,,R [A114],x [A114],,,,,,F [A114],,P [A114],x [A114],,,,,,,,,,,,,,,,,,,,,,F [A114],,,,,,,,,,,,,,,,,,,,,,,,,,,,,,,,,,,,,,,,,,,,,,,,,,,,F [A114],50:0,,,,,,,,,x [A114],,,,,,,,,,,,,,F [A114],,,P [A114],,,,,,,,,,,P [A114],x [A114],,,,,,,,,,,,,,,,,,,,,,,,,,,,,R [A114],,,,,,,,,,,,,,,,,,,,,,,,,,,,,,,,,,,,,,,,,,,,,,,,,,,,,,,,
363-U1483A-27H-2-W 50/52-FORAM,0,2,248,248.02,PL4 (Indo-Pacific) [W11],"Dentoglobigerina altispira Highest Occurrence Zone (Indo-Pacific) (Wade et al., 2011)",PL5 (Indo-Pacific) [W11],"Globorotalia pseudomiocenica Highest Occurrence Zone (Indo-Pacific) (Wade et al., 2011)",G [P46],D [A88],,,,,P [A114],,,,,x [A114],x [A114],,,,,,F [A114],,,F [A114],,,,,,,,,,,,,,,,,,,,,,F [A114],,,,,,,,,,,,,,,,,,,,,,,,,,,,,,,,,,,,,,,,,,,,,,,,,,F [A114],50:0,,,,,,,,,,,F [A114],,,,,,,,,,,,,,F [A114],,,,,,,,,,,,,,P [A114],x [A114],,,,,,,,,,,,,,,,,,,,,,,,,,,,,x [A114],,,,,,,,,,,,,,,,,,,,,,,,,,,,,,,,,,,,,,,,,,,,,,,,,,,,,,,,
363-U1483A-27H-4-W 50/52-FORAM,0,2,250.85,250.87,PL4 (Indo-Pacific) [W11],"Dentoglobigerina altispira Highest Occurrence Zone (Indo-Pacific) (Wade et al., 2011)",,,VG [P46],D [A88],,,,,x [A114],,,,,x [A114],x [A114],,,,,,F [A114],,,F [A114],,,,,,,,,,,,,,,,,,,,,,F [A114],,,,,,,,,,,,,,,,,,,,,,,,,,,,,,,,,,,,,,,,,,,,,,,,,,R [A114],50:0,,,,,,,,,,,F [A114],,,,,,,,,,,,,,F [A114],,,,,,,,,,,,,,x [A114],x [A114],,,,,,,,,,,,,,,,,,,,,,,,,,,,,x [A114],,,,,,,,,,,,,,,,,,,,,,,,,,,,,,,,,,,,,,,,,,,,,,,,,,,,,,,,
363-U1483A-27H-7-W 50/52-FORAM,0,2,255.16,255.18,PL4 (Indo-Pacific) [W11],"Dentoglobigerina altispira Highest Occurrence Zone (Indo-Pacific) (Wade et al., 2011)",,,VG [P46],D [A88],,,,,x [A114],,,,,x [A114],x [A114],,,,,,F [A114],,,F [A114],,,,,,,,,,,,,,,,,,,,,,F [A114],,,,,,,,,,,,,,,,,,,,,,,,,,,,,,,,,,,,,,,,,,,,,,,,,,R [A114],49:1,,,,,,,,,,,F [A114],,,,,,,,,,,,,,F [A114],,,,,,,,,,,,,,x [A114],x [A114],,,,,,,,,,,,,,,,,,,,,,,,,,,,,x [A114],,,,,,,,,,,,,,,,,,,,,,,,,,,,,,,,,,,,,,,,,,,,,,,,,,,,,,,,
363-U1483A-27H-CC-PAL-FORAM,0,5,256.07,256.12,PL4 (Indo-Pacific) [W11],"Dentoglobigerina altispira Highest Occurrence Zone (Indo-Pacific) (Wade et al., 2011)",,,VG [P46],D [A88],,,,,x [A114],,,,,x [A114],x [A114],,,,,,F [A114],,,F [A114],,,,,,,,,,,,,,,,,,,,,,F [A114],,,,,,,,,,,,,,,,,,,,,,,,,,,,,,,,,,,,,,,,,,,,,,,,,,F [A114],49:1,,,,,,,,,,,F [A114],,,,,,,,,,,,,,F [A114],,,,,,,,,,,,,,x [A114],x [A114],,,,,,,,,,,,,,,,,,,,,,,,,,,,,x [A114],,,,,,,,,,,,,,,,,,,,,,,,,,,,,,,,,,,,,,,,,,,,,,,,,,,,,,,,
363-U1483A-28H-2-W 49/51-FORAM,0,2,257.31,257.33,PL4 (Indo-Pacific) [W11],"Dentoglobigerina altispira Highest Occurrence Zone (Indo-Pacific) (Wade et al., 2011)",,,VG [P46],D [A88],,,,,x [A114],,,,,R [A114],x [A114],F [A114],,,,,R [A114],,,R [A114],,,,,,,,,,,,,,,,,,,,,,R [A114],,,,,,,,,,,,,,,,,,,,,,,,,,,,,,,,,,,,,,,,,,,,,,,,,,R [A114],50:0,,,,,,,,,,,R [A114],,,,,,,,,,,,,,R [A114],,,,,,,,,,,,,,x [A114],x [A114],,,,,,,,,,,,,,,,,,,,,,,,,,,,,R [A114],,,,,,,,,,,,F [A114],,,,,,,,,,,,,,,,,,,,,,,,,,,,,,,,,,,,,,,,,,,,
363-U1483A-28H-4-W 49/51-FORAM,0,2,260.13,260.15,PL4 (Indo-Pacific) [W11],"Dentoglobigerina altispira Highest Occurrence Zone (Indo-Pacific) (Wade et al., 2011)",,,VG [P46],D [A88],R [A114],,,,x [A114],,,,,x [A114],x [A114],R [A114],,,,,F [A114],,,F [A114],x [A114],,,,,,,,,,R [A114],,,,,,,,,,,F [A114],,,,,,,,,,,,,,,,,,,,,,,,,,,,,,,,,,,,,,,,,,,,,,,,,,F [A114],50:0,,,,,,,,,,,F [A114],,,,,,,,,,,,,,F [A114],,,,,,,,,,,,,,x [A114],x [A114],,,,,,,,,,,,,,,,,,,x [A114],,,,,,,,,,x [A114],,,,,,,,,,,,R [A114],,,,,,,,,,,,,,,,,,,,,,,,,,,,,,,,,,,,,,,,,,,,
363-U1483A-28H-6-W 49/51-FORAM,0,2,263.02,263.04,PL4 (Indo-Pacific) [W11],"Dentoglobigerina altispira Highest Occurrence Zone (Indo-Pacific) (Wade et al., 2011)",,,VG [P46],D [A88],F [A114],,,,,,,,,,,,,,,,,,,,x [A114],R [A114],,x [A114],,,,,,,,,,,,,,,,,,,,,,,,,,,,,,,,,,,,,,,,,,,,,,,,,,,,,,,,,,,,,,,,,,R [A114],,R [A114],50:0,,,,,R [A114],,,,,,,,,,,,,,,,,,,,,,,,,,,,,x [A114],,,,,,,,,,,,,,,,,,,,,,,,,x [A114],,,,,,,,,,,,,,,,,,,,,,,,,,,,,,,,,,,,,,,,,,,,,,,,,,,,,,,,,,,,,,,,,,
363-U1483A-28H-CC-PAL-FORAM,0,5,265.32,265.37,PL4 (Indo-Pacific) [W11],"Dentoglobigerina altispira Highest Occurrence Zone (Indo-Pacific) (Wade et al., 2011)",,,VG [P46],D [A88],,,,,x [A114],,,,,x [A114],x [A114],,,,,,F [A114],,,F [A114],x [A114],R [A114],,x [A114],,,,,P [A114],,,,,,,,,,,,,F [A114],,,,,,,,,,,,,,,,,,,,,,,,,,,,,,,,,,,,,,,,,,,,,,,,R [A114],,F [A114],49:1,,,,,,,,,,,F [A114],,,,,,,,,,,,,,F [A114],,,,,,,,,x [A114],,,,,x [A114],x [A114],,,,,,,,,,,,,,,,,,,x [A114],P [A114],,,,,,,,,x [A114],,,,,,,,,,,,,,,,,,,,,,,,,,,,,,,,,,,,,,,,,,,,,,,,,,,,,,,,
363-U1483A-29H-2-W 49/51-FORAM,0,2,266.99,267.01,PL3 (Indo-Pacific) [W11],"Sphaeroidinellopsis seminulina Highest Occurrence Zone (Indo-Pacific) (Wade et al., 2011)",,,VG [P46],D [A88],,,,,,,,,,P [A114],,,,,,,,,,,P [A114],R [A114],,x [A114],,,,,,,,,,,,,,,,,,,,,,,,,,,,,,,,,,,,,,,,,,,,,,,,,,,,,,,,,,,,,,,,,,R [A114],50:1,,,,,,,,,,,,,,,,,,,,,,,,,,,,,,,,,,,,x [A114],,,,,,,,,,,,,,,,,,,,,,,,,P [A114],,,,,,,,,,P [A114],,,,,,,,,,,,,,,,,,,,,,,,,,,,,,,,,,,,,,,,,,,,,,,,,,,,,,,,
363-U1483A-29H-4-W 49/51-FORAM,0,2,269.91,269.93,PL2 [W11],"Globorotalia margaritae Highest Occurrence Zone (Wade et al., 2011)",,,VG [P46],D [A88],,,,,,,,,,,,,,,,,,,,,P [A114],R [A114],,R [A114],,,,,,,,,,,,,,,,,,,,,,,,,,,,,,,,,,,,,,,,,,,,,,,,,,,,,,,,,,,,,,,,,,R [A114],20:0,,,,,,,,,,,,,,,,,,,,,,,,,,,,,,,,,,,,R [A114],,,,,,,,,,,,,,,,,,,,,,,,,P [A114],,,,,,,,,,,,,,,,,,,,,,,,,,,,,,,,,,,,,,,,,,,,,,,,,,,,,,,,,,,,,,,,,,
363-U1483A-29H-6-W 49/51-FORAM,0,2,272.77,272.79,PL2 [W11],"Globorotalia margaritae Highest Occurrence Zone (Wade et al., 2011)",,,VG [P46],D [A88],,,,,,,,,,,,,,,,,,,,,x [A114],R [A114],,P [A114],,,,,,,,,,,,,,,,,,,,,,,,,,,,,,,,,,,,,,,,,,,,,,,,,,,,,,,,,,,,,,,,,,R [A114],50:0,,,,,,,,,,,,,,,,,,,,,,,,,,,,,,,,,,,,P [A114],,,,,,,,,,,,,,,,,,,,,,,,,x [A114],,,,,,,,,,,,,,,,,,,,,,,,,,,,,,,,,,,,,,,,,,,,,,,,,,,,,,,,,,,,,,,,,,
363-U1483A-29H-CC-PAL-FORAM,0,5,275.16,275.21,PL2 [W11],"Globorotalia margaritae Highest Occurrence Zone (Wade et al., 2011)",,,VG [P46],D [A88],R [A114],,,,,,,,,,,,,,,,F [A114],,,F [A114],P [A114],P [A114],,P [A114],,,,,,,P [A114],,,,,,,,,,,F [A114],,,,,,,,,,,,,,,,,,,,,,,,,,,,,,,,,,,,,,,,,,,,,,,,P [A114],,F [A114],50:0,,,,,,,,,,,F [A114],,,,,,,,,,,,,,F [A114],,,,,,,,,P [A114],,,,,,,,,,,,,,,,,,,,,,,,,P [A114],,,,,,,,,,,,,,,,,,,,,,,,,,,,,,,,,,,,,,,,,,,,,,,,,,,,,,,,,,,,,,,,,,
363-U1483A-30H-2-W 51/53-FORAM,0,2,276.54,276.56,PL2 [W11],"Globorotalia margaritae Highest Occurrence Zone (Wade et al., 2011)",,,VG [P46],D [A88],,,,,,,,,,,,,,,,,,,,F [A114],P [A114],P [A114],,P [A114],,,,,,,,,,,,,,,,,,,,,,,,,,,,,,,,,,,,,,,,,,,,,,,,,,,,,,,,,,,,,,,,,,P [A114],,R [A114],50:0,,,,,,,,,,,F [A114],,,,,,,,,,,,,,,,,,,,,,,P [A114],,,,,,,,,,,,,,,,,,,,,,,,,P [A114],,,,,,,,,,,,,,,,,,,,,,,,,,,,,,,,,,,,,,,,,,,,,,,,,,,,,,,,,,,,,,,,,,
363-U1483A-30H-4-W 49/51-FORAM,0,2,279.42,279.44,PL2 [W11],"Globorotalia margaritae Highest Occurrence Zone (Wade et al., 2011)",,,VG [P46],D [A88],,,,,,,,,,,,,,,,,,,,F [A114],x [A114],R [A114],,P [A114],,,,,,,,,,,,,,,,,,,,,,,,,,,,,,,,,,,,,,,,,,,,,,,,,,,,,,,,,,,,,,,,,,R [A114],49:1,,,,,,,,,,,,,F [A114],,,,,,,,,,,,,,,,,,,,,,,P [A114],,,,,,,,,,,,,,,,,,,,,,,,,x [A114],,,,,,,,,,,,,,,,,,,,,,,,,,,,,,,,,,,,,,,,,,,,,,,,,,,,,,,,,,,,,,,,,,
363-U1483A-30H-6-W 49/51-FORAM,0,2,282.37,282.39,PL2 [W11],"Globorotalia margaritae Highest Occurrence Zone (Wade et al., 2011)",,,VG [P46],D [A88],,,,,,,,,,,,,,,,,,,,,R [A114],R [A114],,R [A114],,,,,,,,,,,,,,,,,,,,,,,,,,,,,,,,,,,,,,,,,,,,,,,,,,,,,,,,,,,,,,,,,,R [A114],50:0,,,,,,,,,,,,,,,,,,,,,,,,,,,,,,,,,,,,R [A114],,,,,,,,,,,,,,,,,,,,,,,,,R [A114],,,,,,,,,,,,,,,,,,,,,,,,,,,,,,,,,,,,,,,,,,,,,,,,,,,,,,,,,,,,,,,,,,
363-U1483A-30H-CC-PAL-FORAM,0,5,284.81,284.86,PL2 [W11],"Globorotalia margaritae Highest Occurrence Zone (Wade et al., 2011)",,,VG [P46],D [A88],,,,,,,,,,,,,,,,,F [A114],,,F [A114],x [A114],,x [A114],P [A114],,,,,,,x [A114],,,,,,,x [A114],,,,F [A114],,,,,,,,,,,,,,,,,,,,,,,,,,,,,,,,,,,,,,,,,,,,,,,,,,F [A114],49:1,,,,,,,,,,,F [A114],,,,,,,,,,,,,,F [A114],,,,,,x [A114],,,P [A114],,,,,,,,,,,,,,,,,,,,,,,,,x [A114],,,,,,,,,,,,,,,,,,,,,,,,,,,,,,,,,,,,,,,,,,,,,,,,,,,,,,,,,,,,,,,,,,
363-U1483A-31H-2-W 49/51-FORAM,0,2,285.94,285.96,PL2 [W11],"Globorotalia margaritae Highest Occurrence Zone (Wade et al., 2011)",,,VG [P46],D [A88],,,,,,,,,,,,,,,,,F [A114],,,F [A114],R [A114],F [A114],,P [A114],,,,,,,,,,,,,,,,,,F [A114],,,,,,,,,,,,,,,,,,,,,,,,,,,,,,,,,,,,,,,,,,,,,,,,F [A114],50:0,,,,,,,,,,,,,F [A114],,,,,,,,,,,,,,F [A114],,,,,,,,,P [A114],,,,,,,,,,,,,,,,,,,,,,,,,R [A114],,,,,,,,,,,,,,,,,,,,,,,,,,,,,,,,,,,,,,,,,,,,,,,,,,,,,,,,,,,,,,,,,,
363-U1483A-31H-5-W 49/51-FORAM,0,2,288.81,288.83,PL2 [W11],"Globorotalia margaritae Highest Occurrence Zone (Wade et al., 2011)",,,VG [P46],D [A88],,,,,,,,,,,,,,,,,,,,,,F [A114],,P [A114],,,,,,,,,,,,,,,,,,,,,,,,,,,,,,,,,,,,,,,,,,,,,,,,,,,,,,,,,,,,,,,,,,F [A114],50:0,,,,,,,,,,,,,,,,,,,,,,,,,,,,,,,,,,,,P [A114],,,,,,,,,,,,,,,,,,,,,,,,,,,,,,,,,,,,,,,,,,,,,,,,,,,,,,,,,,,,,,,,,,,,,,,,,,,,,,,,,,,,,,,,,,,
363-U1483A-31H-7-W 49/51-FORAM,0,2,291.65,291.67,PL2 [W11],"Globorotalia margaritae Highest Occurrence Zone (Wade et al., 2011)",,,VG [P46],D [A88],,,,,,,,,,,,,,,,,,,,,,,,,,,,,,,,,,,,,,,,,,,,,,,,,,,,,,,,,,,,,,,,,,,,,,,,,,,,,,,,,,,,,,,,,,,,F [A114],50:0,,,,,,,,,,,,,,,,,,,,,,,,,,,,,,,,,,,,,,,,,,,,,,,,,,,,,,,,,,,,,,,,,,,,,,,,,,,,,,,,,,,,,,,,,,,,,,,,,,,,,,,,,,,,,,,,,,,,,,,,,,,,,
363-U1483A-31H-CC-PAL-FORAM,0,5,293.32,293.37,PL2 [W11],"Globorotalia margaritae Highest Occurrence Zone (Wade et al., 2011)",,,VG [P46],D [A88],,,,,,,,,,,,,,,,,F [A114],,,F [A114],F [A114],,R [A114],P [A114],,,,,,,,R [A114],,,,,,R [A114],,,,F [A114],,,,,,,,,,,,,,,,,,,,,,,,,,,,,,,,,,,,,,,,,,,,,,,,,,F [A114],50:0,,,,,,,,,,,F [A114],,,,,,,,,,,,,,F [A114],,,,,,R [A114],R [A114],,P [A114],,,,,,,,,,,,,,,,,,,,,,,,,F [A114],,,,,,,,,,,,,,,,,,,,,,,,,,,,,,,,,,,,,,,,,,,,,,,,,,,,,,,,,,,,,,,abundant pyrite,,,